listing_id,mean_positive,mean_negative,mean_neutral,mean_mixed,number_reviews
1178162,84.64,3.49,0.41,11.46,215
7246272,99.82,0.01,0.09,0.07,37
13658522,91.54,0.02,0.1,8.35,3
9364092,80.26,12.24,7.43,0.06,5
12069214,99.91,0.0,0.08,0.0,8
1365335,99.88,0.01,0.1,0.01,9
9610609,99.76,0.01,0.17,0.06,3
4573458,86.53,0.07,0.16,13.25,27
5521378,99.94,0.0,0.05,0.01,6
13943142,51.26,34.83,13.67,0.25,2
3236496,99.93,0.0,0.06,0.01,4
13684464,78.1,0.06,0.26,21.58,4
56927,87.72,0.01,0.07,12.2,5
4610745,88.82,7.09,3.76,0.33,18
12432535,90.02,0.01,0.21,9.76,7
8238078,90.53,0.02,0.18,9.27,5
13225005,99.96,0.0,0.03,0.0,1
9857,87.28,0.27,0.05,12.39,21
9971054,98.78,0.01,0.78,0.43,9
7745117,99.95,0.0,0.04,0.0,11
11008495,91.82,4.98,0.1,3.1,20
13550412,2.21,61.99,35.57,0.23,2
3992208,74.1,7.32,0.74,17.85,184
13077603,99.82,0.01,0.16,0.01,9
4287366,70.97,22.87,5.79,0.37,7
8378257,84.19,13.92,0.1,1.79,7
11474130,99.94,0.0,0.05,0.01,2
13487348,99.92,0.0,0.05,0.02,1
8327907,67.33,20.12,12.34,0.21,3
10353263,74.1,18.02,7.07,0.81,4
14483758,99.47,0.03,0.43,0.07,2
3519768,99.6,0.01,0.09,0.3,12
213086,90.93,0.27,0.18,8.62,22
11986653,85.11,2.82,1.13,10.94,38
14467554,99.87,0.0,0.13,0.0,1
3988018,98.99,0.07,0.25,0.7,173
2376518,99.97,0.0,0.03,0.0,1
27141,74.9,23.84,0.1,1.15,4
9897713,99.65,0.0,0.34,0.01,1
6316145,97.59,0.06,0.05,2.3,74
951476,68.95,1.68,0.08,29.29,3
9865550,99.83,0.0,0.16,0.01,1
3783090,99.95,0.0,0.04,0.01,12
12023024,99.97,0.0,0.02,0.0,1
8354938,99.3,0.06,0.59,0.06,20
6609546,99.53,0.04,0.16,0.27,73
2526773,99.92,0.01,0.07,0.01,6
10138792,97.92,0.0,0.04,2.03,5
6314998,85.27,0.74,1.25,12.74,42
7805515,96.73,0.28,0.24,2.75,17
9057435,99.95,0.0,0.04,0.01,6
6214710,99.86,0.01,0.07,0.06,25
7731797,81.48,3.24,3.15,12.13,26
1321422,95.19,0.68,0.59,3.54,194
4132983,74.61,5.39,0.06,19.93,17
1071144,99.92,0.0,0.07,0.0,1
11431331,83.09,0.16,0.17,16.59,11
8720673,99.9,0.01,0.03,0.06,1
5364137,85.39,3.87,3.11,7.63,49
2573685,99.94,0.0,0.05,0.01,5
12621291,90.91,6.38,2.47,0.24,11
3945704,98.65,0.11,0.35,0.9,95
4526384,73.19,0.7,0.07,26.05,7
7881551,95.17,0.02,0.08,4.73,93
6765855,91.87,1.6,0.96,5.56,31
14760739,99.61,0.27,0.07,0.06,1
8624898,82.51,5.77,0.17,11.55,59
6134867,93.22,0.41,1.08,5.3,105
1497879,88.4,1.22,0.2,10.18,320
8930592,92.61,1.57,0.08,5.74,70
4494419,28.6,13.19,1.41,56.8,2
4924009,58.87,8.37,1.88,30.89,52
8090623,96.85,0.01,0.21,2.92,32
12599820,37.1,20.21,12.42,30.27,3
9918240,99.91,0.0,0.08,0.01,3
4967219,73.62,3.87,0.9,21.61,143
753446,95.65,0.15,0.14,4.06,65
1197857,81.01,1.32,1.06,16.61,63
13546414,78.02,11.35,0.19,10.45,18
8420956,99.94,0.0,0.04,0.01,8
4304969,98.46,0.24,0.58,0.71,134
10656576,99.86,0.0,0.07,0.07,2
8613870,99.78,0.01,0.2,0.02,4
7292184,89.84,0.11,0.27,9.79,21
11593592,95.4,1.19,1.6,1.81,57
2326445,98.62,0.01,0.07,1.31,56
5684598,99.94,0.01,0.04,0.01,19
11902134,75.43,9.64,5.69,9.23,9
5991427,68.39,17.64,2.38,11.6,23
2278704,91.8,2.03,2.53,3.64,81
10730,88.94,0.08,0.04,10.94,21
11211273,92.23,3.03,1.01,3.73,24
10881994,85.68,7.73,0.09,6.5,26
13397390,99.89,0.0,0.09,0.02,1
4364925,91.74,2.12,2.07,4.07,52
4261781,99.91,0.0,0.06,0.03,10
13509242,51.25,0.5,0.09,48.17,2
13064781,96.74,0.0,0.05,3.2,10
10116601,99.97,0.0,0.03,0.01,1
9094794,2.54,71.14,24.62,1.7,2
6080461,92.67,0.06,0.07,7.19,13
5940866,97.3,0.05,0.08,2.58,124
12265433,80.35,12.0,7.6,0.04,5
12303347,99.92,0.0,0.07,0.01,1
8201104,99.33,0.02,0.02,0.63,1
4861476,88.83,5.27,3.65,2.24,35
14220964,99.82,0.02,0.12,0.04,2
13015653,99.72,0.01,0.27,0.01,4
10266928,66.23,1.66,0.12,31.99,8
7527149,99.25,0.68,0.06,0.02,11
1803138,96.8,0.77,0.93,1.5,62
3415033,99.91,0.01,0.07,0.01,24
2947662,94.85,0.11,0.2,4.83,84
6706463,2.5,64.83,32.4,0.27,1
11863590,99.92,0.0,0.06,0.01,1
5885130,99.3,0.02,0.07,0.61,9
5813992,99.95,0.0,0.04,0.01,1
14691657,75.54,15.29,9.08,0.08,4
11462476,96.1,0.21,0.23,3.46,31
8469464,87.44,8.81,3.69,0.06,8
12253029,87.69,6.4,5.89,0.02,8
8514932,90.14,6.33,3.48,0.05,20
1525494,94.03,0.48,0.58,4.92,80
10186477,99.95,0.0,0.04,0.01,3
1868124,87.77,0.06,0.04,12.12,8
13028247,99.95,0.0,0.05,0.0,1
8134231,99.84,0.01,0.14,0.01,2
8052494,99.96,0.0,0.03,0.0,2
1167221,96.07,0.45,1.57,1.9,97
14522917,99.91,0.0,0.07,0.02,8
4532603,98.22,0.25,1.43,0.09,13
13355213,99.57,0.0,0.42,0.01,1
14339562,99.9,0.0,0.09,0.0,1
11687122,83.38,0.54,0.05,16.02,12
12386020,99.94,0.0,0.04,0.02,8
2916208,95.62,3.88,0.18,0.32,26
3616081,98.76,0.15,0.24,0.84,127
6500646,99.82,0.01,0.06,0.11,5
2821921,99.94,0.0,0.05,0.01,3
1342370,79.25,5.15,2.38,13.22,52
9530285,1.55,60.88,37.43,0.15,1
10995976,76.35,5.64,1.62,16.39,32
7245413,0.05,99.6,0.06,0.3,1
3278624,99.94,0.0,0.05,0.0,3
13512930,99.92,0.0,0.08,0.0,1
14351036,42.99,3.86,0.09,53.06,5
1498719,90.28,0.08,0.1,9.54,11
4149974,97.44,0.35,0.18,2.04,70
182049,95.5,0.04,0.09,4.38,33
14168664,99.83,0.03,0.04,0.1,8
6006328,80.95,12.98,0.29,5.79,10
7920541,93.54,4.88,0.78,0.8,33
8649257,86.25,5.66,4.68,3.41,30
9855805,92.77,0.06,0.06,7.1,20
7894645,83.21,3.32,0.1,13.37,6
6355733,99.93,0.0,0.06,0.01,4
12253499,99.65,0.0,0.33,0.01,6
13147585,94.36,2.91,2.7,0.03,18
13550969,99.07,0.02,0.11,0.8,11
4879579,99.92,0.0,0.07,0.01,6
2875267,98.87,0.03,0.08,1.02,148
68902,99.88,0.0,0.04,0.07,6
3601424,96.68,0.92,0.15,2.24,93
11885148,51.05,30.29,18.53,0.14,2
13015353,74.05,0.24,0.17,25.54,2
13872339,99.92,0.0,0.06,0.01,4
12304165,96.98,0.02,0.1,2.9,20
1628130,99.92,0.0,0.02,0.05,1
6347026,95.43,2.27,1.02,1.28,100
238846,89.68,3.2,2.11,5.02,15
749247,99.32,0.01,0.26,0.41,62
1458081,94.03,0.15,0.52,5.3,27
12824498,99.67,0.02,0.31,0.0,4
10056496,83.77,7.82,0.95,7.46,32
69369,96.28,1.27,1.31,1.14,83
60029,96.58,2.12,0.66,0.65,112
6014302,69.94,12.26,2.11,15.68,15
11734812,79.23,14.07,5.4,1.3,5
5932267,99.98,0.0,0.01,0.0,1
12563549,99.76,0.01,0.23,0.0,1
5729845,92.71,2.05,0.19,5.04,47
5293067,85.88,3.46,2.7,7.96,23
12020004,60.51,15.7,8.67,15.12,4
6489209,99.24,0.03,0.46,0.28,14
14056340,2.8,0.32,0.04,96.84,1
2021489,75.43,16.24,8.17,0.17,4
8131907,98.89,0.04,0.33,0.74,14
14742722,99.96,0.0,0.03,0.0,1
3343428,99.89,0.01,0.07,0.03,14
6939162,98.88,0.03,1.03,0.06,12
6565713,96.24,2.02,1.56,0.18,56
9343915,99.97,0.0,0.02,0.01,1
6780300,99.84,0.01,0.12,0.03,9
646087,99.5,0.03,0.29,0.18,1
169938,2.4,61.16,36.14,0.3,1
10706413,99.52,0.04,0.29,0.15,11
14428514,99.87,0.01,0.1,0.02,1
13810937,98.32,0.01,0.14,1.53,2
472070,99.94,0.01,0.02,0.03,3
4718577,99.76,0.01,0.21,0.03,11
2776143,82.15,5.07,0.42,12.36,242
369880,99.78,0.01,0.04,0.17,16
12796034,99.97,0.01,0.02,0.0,1
4278873,97.33,0.24,1.39,1.03,38
8420883,49.35,11.96,4.92,33.77,6
7869497,3.13,47.99,0.61,48.27,2
13684319,99.78,0.01,0.19,0.03,1
7321217,94.48,3.02,2.48,0.01,18
2301709,84.4,1.16,0.82,13.62,42
14388025,99.11,0.01,0.87,0.01,10
4080000,80.89,4.28,0.84,13.99,75
22208,99.88,0.0,0.12,0.01,4
27611,81.09,5.31,6.35,7.26,8
14322091,99.93,0.0,0.05,0.01,1
1757417,99.92,0.0,0.04,0.03,19
6181230,98.73,0.02,0.11,1.15,2
2308630,94.8,1.88,1.25,2.07,32
295285,92.62,2.18,3.26,1.94,19
14443295,99.95,0.0,0.04,0.0,2
10068240,94.63,0.02,0.25,5.1,33
8006992,99.05,0.01,0.03,0.92,6
7614517,97.65,0.01,0.08,2.27,39
7713728,97.01,0.02,0.23,2.75,96
11656698,79.75,8.42,5.28,6.55,44
14774426,99.89,0.0,0.05,0.05,1
7113260,91.11,5.28,3.31,0.29,23
9292118,95.27,4.55,0.07,0.11,22
7134081,99.95,0.0,0.04,0.01,12
7095320,59.72,9.18,0.1,31.0,2
3870046,94.0,1.71,1.35,2.94,33
12592696,99.97,0.0,0.02,0.0,1
13079659,78.0,0.39,0.45,21.16,3
6121709,91.31,4.35,3.24,1.1,27
7837202,99.96,0.01,0.03,0.01,2
12262803,99.96,0.01,0.03,0.0,1
13937181,99.65,0.01,0.31,0.03,5
1066742,75.37,11.67,1.68,11.29,32
14398508,8.06,0.29,91.58,0.06,1
14460344,84.31,3.27,1.68,10.74,6
7630340,74.23,5.21,0.4,20.15,40
13959444,99.94,0.01,0.04,0.01,6
12971329,96.29,0.05,3.55,0.11,3
14668008,1.58,59.02,39.29,0.11,1
2931271,85.97,7.51,0.63,5.9,27
3659917,97.54,0.84,1.59,0.03,42
8579799,99.81,0.01,0.16,0.03,8
6248970,96.57,0.05,0.12,3.26,68
1529321,92.75,0.3,0.33,6.62,109
13624971,99.78,0.01,0.2,0.02,1
14057189,99.94,0.0,0.05,0.01,6
9858437,76.24,7.02,5.29,11.44,25
1529393,71.4,28.56,0.03,0.01,7
4278067,94.7,0.02,2.82,2.46,35
13076586,99.91,0.0,0.08,0.01,2
13578106,99.92,0.0,0.07,0.0,2
1178371,94.8,0.73,2.99,1.48,85
6317722,97.07,0.63,0.07,2.23,46
4679319,51.02,24.98,0.07,23.93,4
67946,91.38,3.7,0.21,4.7,1
8536113,99.54,0.02,0.07,0.38,9
1884045,90.78,1.82,0.55,6.85,173
6676364,99.3,0.07,0.17,0.46,158
8439661,88.21,0.14,0.07,11.58,9
2915643,1.97,61.83,35.98,0.22,1
9299923,96.34,0.02,0.44,3.2,14
8782592,95.02,0.01,0.22,4.75,10
1850260,87.44,1.14,1.35,10.06,156
6167184,87.1,6.99,0.05,5.85,18
12667158,29.9,30.69,12.44,26.97,7
5124772,98.82,0.01,0.35,0.81,3
6181758,94.39,0.09,0.33,5.19,86
7741566,99.26,0.02,0.42,0.3,19
11588543,93.82,0.25,0.26,5.68,42
5058148,66.88,18.57,14.5,0.05,6
14153636,83.94,0.06,0.12,15.88,6
13824970,99.92,0.01,0.06,0.01,1
1352776,99.84,0.0,0.15,0.01,3
9626892,75.38,15.03,9.55,0.04,4
8014950,86.36,1.82,0.23,11.59,7
7854872,99.62,0.02,0.35,0.01,2
5727231,99.97,0.0,0.02,0.0,3
7086825,98.26,0.02,0.18,1.53,10
10138904,99.11,0.01,0.17,0.71,10
8566407,93.93,3.41,2.6,0.05,45
13621476,2.69,71.97,22.31,3.03,1
11213228,1.52,51.46,46.91,0.11,1
225224,92.98,1.47,0.4,5.15,183
9197535,99.59,0.01,0.15,0.26,3
13671334,99.61,0.01,0.06,0.32,4
14218904,2.72,62.49,34.49,0.31,1
8336347,98.52,0.01,1.47,0.0,2
6005290,99.97,0.0,0.02,0.0,1
2842124,87.13,5.02,0.23,7.62,33
3342094,99.67,0.0,0.32,0.01,14
1067184,98.27,0.01,0.33,1.39,53
12302222,99.97,0.0,0.02,0.0,1
11035223,86.77,0.09,13.08,0.06,3
10052824,99.93,0.0,0.05,0.01,1
6955911,65.06,14.51,4.61,15.82,5
12432623,99.55,0.01,0.43,0.01,3
5882411,97.29,0.63,0.2,1.88,115
7050397,99.97,0.0,0.02,0.01,1
82637,94.4,0.18,5.36,0.06,16
12366845,2.69,71.97,22.31,3.03,1
4457943,99.83,0.07,0.05,0.05,44
8792,97.52,0.06,0.1,2.33,18
12856007,7.31,44.65,20.45,27.59,3
2014651,92.89,2.81,3.16,1.14,24
13045194,75.2,13.31,6.01,5.48,21
7746589,81.89,4.33,2.94,10.83,16
7914359,97.63,0.05,0.09,2.24,65
5317935,99.95,0.0,0.04,0.01,3
7825327,66.79,18.38,5.24,9.59,9
693353,82.61,1.99,3.82,11.59,17
13699440,99.87,0.01,0.08,0.04,1
9677207,99.93,0.0,0.06,0.01,4
2754975,96.74,0.03,0.08,3.15,30
13417639,97.32,0.03,0.09,2.56,5
6992859,92.13,4.71,2.82,0.34,13
2077794,84.82,6.35,2.25,6.58,13
14204600,99.77,0.01,0.02,0.21,7
2636365,93.46,0.3,0.33,5.91,60
7986179,99.78,0.01,0.19,0.01,5
7035556,99.23,0.01,0.09,0.68,16
5019306,98.03,0.01,0.1,1.86,38
14710769,99.86,0.0,0.13,0.01,1
7475215,98.72,0.04,0.32,0.92,6
12897110,74.01,0.34,7.14,18.51,9
2215762,99.84,0.01,0.13,0.03,16
6053700,99.94,0.0,0.04,0.01,2
7161203,80.93,0.56,0.3,18.21,3
1819994,99.94,0.0,0.05,0.01,1
4479140,80.26,8.98,1.57,9.19,5
5506,93.74,0.1,0.07,6.08,36
7592616,99.85,0.01,0.14,0.0,1
4870883,87.39,12.5,0.1,0.01,8
13624929,99.86,0.01,0.11,0.02,4
14778561,50.37,47.37,1.33,0.93,2
4928894,92.35,0.01,0.1,7.55,10
3585343,87.24,6.35,6.04,0.36,47
1948096,98.67,0.23,0.05,1.05,3
6445917,97.06,0.03,1.03,1.88,24
10113230,85.73,3.27,1.38,9.62,34
9331460,99.29,0.05,0.44,0.23,2
6409811,91.26,2.23,0.77,5.74,33
7114655,78.95,0.11,0.1,20.84,4
4456987,99.84,0.01,0.11,0.04,16
6134013,98.58,0.06,1.31,0.06,48
5445126,99.85,0.02,0.12,0.01,5
973695,94.39,0.04,0.09,5.48,38
7841193,99.89,0.01,0.09,0.01,1
8587030,99.83,0.02,0.11,0.05,29
7582651,99.97,0.0,0.02,0.01,3
13640138,99.85,0.01,0.04,0.1,5
6179374,73.39,5.18,1.73,19.69,3
2846739,89.15,0.39,0.53,9.92,96
8034092,35.06,32.93,5.88,26.13,4
1885825,95.83,0.32,0.16,3.69,97
2843445,99.61,0.02,0.13,0.23,67
1090413,95.5,0.03,0.42,4.06,42
3521944,76.79,11.79,7.48,3.94,4
6763409,67.1,0.18,32.6,0.12,3
12738816,99.96,0.0,0.03,0.0,3
9255725,99.94,0.0,0.05,0.01,10
13282275,99.93,0.0,0.06,0.02,1
965554,93.85,0.58,0.13,5.45,6
8265182,98.13,0.01,0.4,1.46,19
6151079,95.75,0.09,0.37,3.79,29
8886703,98.56,0.03,0.1,1.31,12
1110423,90.63,4.6,1.95,2.82,42
2564544,94.08,2.83,2.12,0.97,60
4565470,99.94,0.0,0.04,0.02,3
3898015,88.63,0.11,0.49,10.77,39
8704161,99.21,0.06,0.07,0.66,24
1949996,99.83,0.01,0.12,0.04,23
8518091,99.31,0.02,0.16,0.51,13
14484865,2.63,69.65,27.24,0.48,1
14072546,86.35,4.04,0.99,8.62,25
6834270,71.65,15.3,8.41,4.64,29
4526315,95.75,0.24,0.07,3.94,28
11492423,79.25,14.48,6.1,0.17,24
4863108,95.26,0.29,0.19,4.26,88
6075932,98.17,0.02,0.08,1.74,30
8645254,2.02,57.31,40.46,0.21,1
5511924,99.81,0.0,0.08,0.11,26
7310887,99.46,0.01,0.09,0.45,72
13345701,94.05,0.07,0.28,5.61,17
9362821,92.33,1.09,0.76,5.82,54
7921131,87.49,4.46,1.36,6.69,17
13515084,79.83,0.56,1.29,18.31,21
1178106,84.73,5.03,0.84,9.41,226
6758443,99.77,0.0,0.1,0.12,2
8384444,99.7,0.03,0.26,0.01,23
6793945,94.49,0.27,1.35,3.88,27
4332035,6.0,41.82,51.52,0.67,1
13555596,99.9,0.01,0.08,0.01,1
4000384,98.53,0.08,0.09,1.3,58
6453686,94.09,1.21,0.85,3.84,58
4518380,81.39,4.56,0.2,13.85,13
11992431,99.38,0.02,0.31,0.29,13
5498472,99.98,0.0,0.01,0.0,1
12708781,99.86,0.01,0.11,0.02,14
12020829,98.81,0.0,1.18,0.01,3
2384107,99.85,0.01,0.08,0.06,19
13546070,98.81,0.19,0.97,0.03,4
1644031,91.5,0.06,2.12,6.32,35
6401859,92.52,0.02,0.14,7.32,27
13344433,99.92,0.0,0.06,0.01,9
12726343,99.93,0.0,0.06,0.0,1
24240,99.31,0.02,0.07,0.6,37
12441,67.11,10.84,1.32,20.73,29
4303606,98.34,0.57,0.15,0.94,43
9013631,99.64,0.02,0.29,0.05,16
5593888,88.33,2.7,0.08,8.88,60
9824,72.88,5.75,0.07,21.3,22
1868513,84.17,0.32,0.43,15.08,6
10050351,99.97,0.0,0.03,0.01,2
8846849,51.08,0.04,0.11,48.78,4
5384923,99.81,0.01,0.15,0.03,23
5889190,98.63,0.03,0.18,1.15,80
7283351,67.99,0.82,0.88,30.32,5
5434353,99.87,0.0,0.09,0.04,7
1112193,91.2,2.31,0.61,5.88,120
6927063,85.8,8.54,5.61,0.05,7
994138,98.7,0.68,0.42,0.21,96
6728273,98.7,0.04,0.18,1.08,18
14426124,99.93,0.0,0.06,0.01,4
4279959,84.67,2.4,2.33,10.6,24
4021522,89.51,3.84,0.14,6.5,6
750438,99.79,0.01,0.12,0.08,91
3344322,94.38,0.1,0.17,5.35,32
8970779,99.98,0.0,0.02,0.0,1
11980767,51.13,29.88,18.86,0.13,2
10299047,92.65,0.02,0.1,7.24,13
12560987,91.87,2.45,0.3,5.39,22
4909590,98.01,0.01,0.08,1.9,103
9393163,2.31,59.76,37.68,0.25,1
4275846,65.8,7.45,0.28,26.48,54
10671192,97.3,0.1,0.05,2.56,23
3802530,99.89,0.01,0.09,0.02,9
10234895,63.23,4.09,1.7,30.98,3
205894,88.41,1.32,0.95,9.32,125
14592547,99.88,0.02,0.08,0.03,2
9541666,99.97,0.0,0.02,0.01,1
5783197,99.72,0.01,0.09,0.19,35
14414473,99.88,0.01,0.04,0.08,4
6895050,89.24,6.95,2.7,1.11,21
28150,85.18,3.09,0.1,11.63,21
13711334,96.55,0.05,0.98,2.42,1
10964552,98.26,0.96,0.26,0.53,51
8981656,99.61,0.0,0.38,0.01,23
9825415,90.58,0.05,0.08,9.29,11
5371051,94.61,2.93,2.38,0.07,24
12735111,98.12,0.09,1.76,0.03,1
13525610,88.12,0.05,0.09,11.74,8
13698137,98.81,0.13,0.9,0.16,19
5588537,99.82,0.05,0.03,0.1,6
9169272,2.72,69.73,27.07,0.47,1
5743939,99.23,0.01,0.1,0.65,29
9047646,2.63,69.65,27.24,0.48,1
1732804,99.27,0.02,0.16,0.55,59
13110084,99.58,0.01,0.08,0.33,14
9078482,99.96,0.0,0.02,0.02,2
1071235,97.37,0.21,0.36,2.06,152
4339392,99.62,0.01,0.24,0.13,7
11087731,99.94,0.0,0.05,0.0,1
8191517,75.14,10.64,0.24,13.98,4
6614984,96.33,0.03,0.13,3.51,28
4402259,93.83,1.71,1.37,3.1,33
6268805,97.67,0.01,0.07,2.24,42
2547129,88.62,10.81,0.26,0.31,9
13685207,90.57,0.01,0.04,9.38,3
13744821,74.67,13.17,12.1,0.06,8
13728510,92.44,0.05,0.15,7.36,9
10037387,79.3,5.65,3.02,12.03,14
13391640,64.15,10.8,7.37,17.68,11
12826881,76.9,0.12,0.09,22.89,7
11947150,67.4,19.92,12.59,0.09,3
7713815,99.97,0.0,0.02,0.0,2
12835086,87.87,3.45,0.09,8.6,18
9826706,99.95,0.0,0.04,0.01,3
5755910,99.53,0.02,0.41,0.04,5
5048406,90.96,6.49,2.53,0.02,23
14242888,96.65,0.03,0.21,3.11,5
13884549,93.47,5.94,0.44,0.15,15
848152,86.46,6.43,0.12,6.98,31
9274587,87.64,0.04,0.1,12.21,9
7900936,99.38,0.03,0.55,0.04,29
13912429,1.71,57.26,40.89,0.14,1
14372667,99.96,0.0,0.03,0.0,1
1758953,95.98,2.57,0.79,0.67,80
1899770,86.02,10.01,3.89,0.08,7
8947232,88.99,1.1,0.29,9.62,6
12067685,92.13,1.64,2.2,4.03,2
4089940,90.11,0.02,0.06,9.81,31
47521,88.82,3.35,0.91,6.92,241
9614024,55.39,7.82,2.09,34.7,8
8373729,83.89,0.1,0.35,15.66,4
6400432,85.27,9.96,0.5,4.28,21
554720,97.94,0.86,0.14,1.06,108
3969526,96.07,0.92,0.24,2.77,111
14025410,99.93,0.0,0.04,0.02,1
13979354,90.81,0.55,1.55,7.09,14
5085125,91.29,2.24,1.1,5.37,121
14566657,1.12,1.22,0.04,97.61,1
11333422,91.87,0.16,0.22,7.75,25
4287348,98.24,0.04,0.11,1.61,56
13041602,99.03,0.06,0.37,0.54,20
4484798,65.25,18.02,2.16,14.57,16
5768195,99.91,0.0,0.08,0.01,1
9998187,88.08,0.11,0.13,11.69,9
6089975,92.75,0.01,0.05,7.19,4
6936712,99.6,0.0,0.07,0.32,5
10569282,79.65,2.43,0.15,17.77,14
530983,80.73,2.22,3.05,14.0,19
8481291,75.45,15.49,8.99,0.08,4
583255,89.01,8.0,2.57,0.41,9
8983081,99.96,0.0,0.02,0.02,2
6089196,99.91,0.0,0.08,0.01,18
9329398,99.66,0.01,0.34,0.0,6
11569331,61.37,7.83,1.06,29.74,2
4614037,95.91,1.89,1.4,0.8,32
12264207,83.98,1.12,1.63,13.27,7
4350995,86.88,9.0,2.82,1.3,8
48612,97.31,0.34,0.17,2.18,25
10758,99.97,0.0,0.02,0.01,2
5455004,80.9,0.17,0.11,18.82,22
10084216,99.87,0.0,0.12,0.01,3
4924910,88.63,2.67,0.45,8.25,111
650956,89.67,5.67,2.71,1.95,35
3589267,93.57,2.9,3.36,0.17,16
14055624,2.62,70.07,26.79,0.52,1
4530670,99.14,0.02,0.83,0.01,30
7240775,99.97,0.0,0.02,0.01,2
7853971,91.04,0.02,0.08,8.86,6
6685682,85.13,8.04,6.02,0.81,7
8301150,66.4,30.07,0.49,3.04,3
13037372,85.98,9.15,4.81,0.05,14
9706199,94.59,0.02,0.11,5.28,6
4490826,99.91,0.0,0.08,0.01,3
7225201,99.96,0.0,0.02,0.02,1
466361,91.63,2.14,0.45,5.78,48
59776,51.16,34.83,13.77,0.24,2
8410270,95.0,0.03,4.98,0.0,1
13078068,99.94,0.0,0.05,0.01,2
1821633,99.11,0.04,0.15,0.7,122
10253416,91.15,0.09,1.18,7.57,2
11584799,99.8,0.01,0.17,0.01,9
13041752,83.59,10.83,5.44,0.14,12
7293671,99.94,0.0,0.05,0.01,2
6088708,96.8,0.01,0.52,2.67,78
322593,93.81,1.37,0.58,4.23,191
5616179,97.28,2.35,0.12,0.26,33
10149314,99.87,0.0,0.12,0.01,1
9110588,50.13,0.04,0.04,49.78,2
6238463,99.86,0.02,0.07,0.06,25
76073,89.29,4.06,1.77,4.87,54
13912470,99.82,0.01,0.16,0.01,5
13188046,94.75,0.17,0.04,5.04,10
8226982,99.94,0.0,0.04,0.02,4
13865867,99.84,0.01,0.08,0.07,5
8753559,99.87,0.0,0.11,0.02,27
10997047,95.15,0.13,0.69,4.04,19
5447285,99.79,0.0,0.18,0.02,1
7280665,99.94,0.01,0.04,0.01,2
2649521,99.89,0.01,0.09,0.01,8
8417742,99.79,0.01,0.11,0.09,9
14282764,68.71,2.54,1.2,27.55,3
10268223,99.93,0.01,0.06,0.01,2
496022,99.88,0.01,0.09,0.02,16
5659780,91.7,0.09,0.12,8.09,3
5086521,99.88,0.0,0.07,0.05,32
13138055,99.87,0.0,0.12,0.01,7
13751426,99.91,0.0,0.06,0.02,5
176006,94.43,0.25,0.31,5.01,88
2682662,83.92,5.63,3.81,6.64,28
6059968,99.94,0.0,0.04,0.02,10
5182313,99.44,0.01,0.06,0.49,68
891953,62.51,16.37,8.85,12.27,13
4577188,88.85,2.62,0.13,8.41,64
4527029,83.23,12.21,0.62,3.93,7
10051842,99.97,0.0,0.02,0.0,1
7308811,94.75,0.14,0.19,4.91,2
2884903,99.92,0.0,0.07,0.01,6
957224,97.17,0.17,0.97,1.69,57
13028935,99.96,0.0,0.03,0.0,1
7277653,94.72,0.56,2.91,1.81,52
10454061,94.99,0.15,0.07,4.79,10
5511911,99.95,0.0,0.04,0.0,1
13214949,94.18,0.01,0.06,5.74,7
9918713,53.05,18.94,0.32,27.69,2
7698631,99.9,0.0,0.03,0.07,4
9279773,99.85,0.0,0.14,0.01,14
4558443,93.14,0.12,0.16,6.57,22
2722165,90.93,1.48,1.01,6.58,50
4223387,98.18,0.03,0.1,1.69,43
14683493,99.78,0.0,0.07,0.15,1
12593225,99.87,0.0,0.11,0.01,2
232990,98.07,0.91,0.89,0.13,55
4410142,94.54,2.63,1.71,1.12,18
6629929,97.89,0.57,0.18,1.36,23
4377247,90.48,5.94,3.27,0.31,33
14104621,99.98,0.0,0.01,0.0,1
11922134,87.6,0.12,0.08,12.19,36
12390027,83.58,0.03,0.08,16.3,17
979759,50.28,1.1,0.11,48.51,2
12986016,99.94,0.01,0.05,0.0,1
4792901,99.57,0.01,0.38,0.04,2
10033715,99.53,0.03,0.39,0.05,1
5526514,94.46,0.11,0.05,5.37,25
3730447,89.64,1.82,1.7,6.84,29
4972820,1.81,56.11,41.87,0.21,1
9709597,99.68,0.0,0.17,0.14,1
4177233,99.62,0.04,0.09,0.25,54
8316068,99.89,0.01,0.08,0.03,15
5078127,92.02,2.17,2.11,3.7,24
13327034,76.92,0.23,0.34,22.51,13
442735,98.17,0.04,0.06,1.73,40
4518100,67.62,5.07,6.84,20.47,14
5174821,99.34,0.01,0.36,0.3,50
10175033,99.64,0.0,0.06,0.3,20
3677662,99.66,0.02,0.12,0.2,38
3057116,98.1,0.01,0.21,1.68,53
14843783,67.14,18.47,14.35,0.05,3
3377871,83.71,0.23,0.23,15.84,38
6990904,90.45,3.68,1.49,4.38,19
4015972,97.5,1.06,0.44,1.0,94
5280183,99.33,0.01,0.04,0.61,3
12755021,98.73,0.12,1.04,0.12,1
8310660,64.19,17.84,6.75,11.22,4
6317304,92.68,1.12,0.84,5.35,56
14572515,99.78,0.01,0.18,0.03,4
1220971,84.91,3.22,1.45,10.42,43
10434883,90.05,0.84,0.14,8.97,18
6142396,97.21,0.71,0.75,1.33,115
1112067,91.57,0.87,0.3,7.26,129
4546333,88.48,0.13,0.82,10.57,30
13667826,84.24,1.74,0.5,13.53,4
10787333,99.87,0.01,0.12,0.01,7
11041684,99.88,0.03,0.04,0.05,5
8450098,97.0,0.03,0.37,2.6,39
7211531,90.63,5.15,4.17,0.05,12
1248870,99.71,0.01,0.07,0.21,17
13524454,99.96,0.0,0.03,0.01,1
9218312,99.26,0.03,0.2,0.51,32
10742655,82.59,0.57,15.8,1.03,4
6574771,95.84,0.06,0.12,3.98,25
11717217,0.18,89.38,0.31,10.13,2
7008455,99.96,0.0,0.03,0.01,3
9407895,48.08,11.83,11.28,28.81,11
11987762,0.12,99.37,0.24,0.27,1
72811,88.59,1.51,0.4,9.49,123
11441717,99.67,0.01,0.29,0.03,10
12761363,86.93,0.2,2.74,10.13,2
1341072,88.77,2.31,3.03,5.89,41
3181719,99.65,0.01,0.13,0.21,44
9494212,85.53,2.82,1.13,10.52,36
6075481,86.95,7.31,2.76,2.98,40
4261784,88.67,0.03,0.04,11.26,3
4445906,63.97,2.1,0.07,33.86,3
8118718,99.79,0.02,0.05,0.15,12
7927765,99.75,0.0,0.23,0.01,2
5433246,99.73,0.01,0.05,0.21,4
6741968,97.51,0.1,0.35,2.04,85
11624428,99.93,0.01,0.04,0.02,6
1102623,97.82,0.48,0.1,1.6,47
3591388,98.65,0.04,1.07,0.25,30
13298014,0.01,3.56,0.0,96.43,1
8469735,56.25,13.32,17.0,13.43,6
11921486,99.95,0.0,0.04,0.01,2
8112652,99.94,0.0,0.05,0.01,4
5891012,99.85,0.0,0.11,0.03,4
1425973,85.18,5.97,3.74,5.12,12
8165898,99.93,0.0,0.05,0.01,3
9327506,99.96,0.0,0.01,0.02,1
13236936,1.27,80.78,3.35,14.6,1
3946215,97.4,0.38,0.6,1.61,101
3967611,98.93,0.0,0.02,1.04,4
1106555,91.5,3.7,0.73,4.07,26
7694365,99.92,0.0,0.08,0.0,1
6356533,74.59,1.86,0.11,23.44,14
13275308,96.17,0.01,3.8,0.03,24
6923942,99.96,0.0,0.03,0.0,1
1131634,95.87,1.66,2.42,0.05,24
13733887,99.87,0.0,0.11,0.01,11
9430774,99.98,0.0,0.01,0.0,1
8663351,99.59,0.02,0.09,0.3,13
8686165,93.7,2.17,0.13,4.0,14
12409042,98.96,0.01,0.99,0.04,7
891661,94.17,0.85,0.36,4.62,190
12603280,3.67,3.09,0.27,92.97,1
9496325,72.39,13.29,11.33,2.99,4
9574727,99.97,0.0,0.02,0.0,2
13391024,87.51,0.0,0.05,12.44,8
12930651,85.7,5.06,3.16,6.09,12
7920759,99.96,0.0,0.04,0.01,3
6006121,89.87,3.03,2.75,4.35,105
12707324,99.21,0.05,0.33,0.41,2
6019555,97.12,0.01,0.05,2.81,31
3788075,91.98,0.06,0.11,7.84,23
8319253,76.78,14.93,1.03,7.25,2
6793913,44.07,30.51,4.11,21.3,2
6317446,99.54,0.01,0.06,0.4,47
12709469,0.05,84.93,0.02,15.0,1
13031523,98.57,0.02,0.44,0.97,3
10749794,98.48,0.04,0.07,1.41,21
11275661,73.13,24.97,0.1,1.8,4
13677640,60.01,20.08,0.07,19.84,5
1166808,96.29,0.01,0.08,3.61,29
13121821,99.86,0.0,0.06,0.08,20
12087989,99.89,0.01,0.1,0.01,12
11966297,84.86,7.81,4.49,2.84,8
6705513,87.95,3.06,2.86,6.13,30
4205641,75.74,8.85,3.25,12.16,46
8827268,99.95,0.0,0.03,0.02,11
13674964,99.82,0.03,0.1,0.05,5
8366402,92.53,4.25,1.44,1.78,17
8097453,99.9,0.0,0.09,0.0,1
13261681,90.74,9.09,0.14,0.02,11
6568621,69.06,20.03,0.08,10.83,10
8662258,99.91,0.0,0.08,0.01,68
3012529,95.73,1.23,0.43,2.61,178
14713259,99.94,0.01,0.04,0.01,4
13007124,85.1,4.76,0.2,9.95,21
13642024,99.96,0.0,0.03,0.0,1
8337048,92.26,3.79,1.84,2.11,19
11757376,99.83,0.01,0.12,0.04,8
7368611,97.16,0.01,0.07,2.76,37
6523777,99.75,0.01,0.13,0.11,55
14574800,99.95,0.0,0.04,0.0,1
4034018,99.84,0.01,0.05,0.11,15
12825412,99.72,0.01,0.27,0.01,5
2114274,98.01,0.04,0.09,1.86,20
3664031,97.47,0.09,2.2,0.25,42
13955674,99.95,0.0,0.04,0.01,3
6544642,95.23,0.02,0.14,4.61,14
31796,88.08,4.23,1.14,6.55,290
5834930,97.17,0.1,0.33,2.4,4
12497846,63.16,21.82,14.91,0.11,8
2423613,77.16,0.69,0.15,22.0,13
9953144,99.95,0.0,0.05,0.0,3
950046,88.44,0.03,0.18,11.35,6
14533848,51.12,29.88,18.87,0.13,2
4518710,84.05,4.4,1.67,9.88,38
7185881,99.94,0.0,0.04,0.02,2
1881298,94.87,0.13,0.74,4.26,192
6017574,99.8,0.01,0.05,0.14,15
737519,99.96,0.0,0.03,0.01,3
6476613,99.95,0.0,0.04,0.01,1
7054058,94.01,0.02,0.4,5.58,14
14682931,99.78,0.02,0.13,0.07,1
2043529,59.6,10.65,5.72,24.04,19
2167993,94.77,1.29,1.15,2.78,56
4489588,75.94,7.02,10.93,6.11,16
13494185,99.91,0.0,0.09,0.0,5
13378987,83.3,12.13,0.04,4.53,6
8584276,87.73,8.11,4.13,0.04,8
7474615,99.84,0.01,0.13,0.03,3
11376403,80.22,0.07,0.07,19.64,5
7649517,90.5,1.39,0.58,7.54,20
11590512,98.93,0.01,0.92,0.14,5
9382898,87.8,4.74,0.4,7.06,49
732932,94.61,2.27,3.08,0.04,18
1861070,99.8,0.01,0.17,0.02,17
11159585,99.92,0.0,0.07,0.0,1
5532549,99.91,0.0,0.08,0.01,4
8846202,90.82,6.43,2.69,0.07,11
1864705,84.15,7.65,0.09,8.1,10
6602167,92.66,0.21,0.15,6.98,23
10656899,99.81,0.01,0.13,0.06,6
3917027,72.96,3.87,0.18,22.99,57
1510876,97.43,0.11,0.09,2.37,23
11528125,99.97,0.0,0.02,0.01,1
8025718,99.9,0.0,0.09,0.01,3
13027627,2.51,61.12,36.08,0.28,2
7379913,99.82,0.0,0.06,0.11,15
3363097,99.71,0.01,0.06,0.22,21
11306586,90.08,4.73,0.21,4.99,26
13249829,98.93,0.04,0.4,0.64,2
52423,77.2,0.02,0.06,22.73,4
4489490,98.63,0.01,0.07,1.29,16
11853416,1.81,56.11,41.87,0.21,1
8052617,88.31,3.35,1.58,6.76,62
6310903,95.77,0.03,0.16,4.04,39
4233242,99.61,0.0,0.37,0.01,15
2061478,99.72,0.04,0.19,0.05,9
5718801,98.01,0.12,0.9,0.98,5
4644455,99.98,0.0,0.01,0.0,1
13078148,99.7,0.03,0.01,0.26,1
9248612,96.17,0.01,0.05,3.77,17
1589392,99.98,0.0,0.02,0.0,1
2798787,98.55,0.68,0.42,0.35,94
3415245,99.96,0.0,0.02,0.01,2
1472481,95.9,0.64,1.0,2.45,231
9273,98.07,0.33,1.02,0.58,13
7499960,88.97,6.51,4.5,0.02,9
6014737,62.34,14.15,1.7,21.81,16
12517081,99.18,0.18,0.47,0.17,4
4568116,98.1,0.05,0.2,1.65,163
9473816,99.96,0.0,0.03,0.01,2
5726250,99.75,0.01,0.23,0.01,18
4516065,90.33,0.07,0.08,9.52,3
8231382,84.79,8.85,0.07,6.29,25
4291607,52.51,26.88,16.61,4.01,4
1471373,74.58,9.27,0.84,15.31,72
9117009,92.97,2.32,1.38,3.34,27
12630619,99.69,0.01,0.1,0.21,10
7514336,96.86,0.04,0.04,3.05,1
1115394,96.71,0.37,0.16,2.76,179
7620413,99.91,0.0,0.08,0.0,2
6870485,99.86,0.01,0.11,0.02,7
414419,91.37,1.22,1.24,6.16,312
10607657,99.89,0.0,0.1,0.01,6
6695,92.51,0.2,0.49,6.8,47
11120777,97.98,0.05,0.36,1.61,24
5269216,80.62,5.43,0.1,13.85,43
890705,86.79,6.18,0.81,6.23,16
13782612,99.88,0.0,0.04,0.08,3
13613562,28.32,33.25,5.98,32.45,3
5903001,91.14,0.22,0.17,8.47,12
1136972,97.83,0.16,0.72,1.28,280
12208307,99.92,0.01,0.07,0.01,1
14474114,99.69,0.01,0.06,0.24,1
14091605,90.21,0.01,0.1,9.67,17
315982,83.76,2.57,0.17,13.5,84
13912467,99.93,0.0,0.06,0.01,4
5590505,99.95,0.0,0.03,0.01,1
716643,87.05,0.11,0.07,12.77,8
13415232,99.95,0.0,0.04,0.01,6
13126713,49.19,0.11,0.16,50.54,2
39116,99.24,0.01,0.13,0.62,45
13531200,99.92,0.0,0.04,0.03,6
12074204,1.76,51.18,46.9,0.16,1
8480507,99.6,0.01,0.06,0.32,15
13655923,98.22,0.07,0.05,1.66,19
2723274,99.94,0.0,0.05,0.01,10
3351728,99.58,0.01,0.39,0.02,9
13295386,1.83,64.02,34.0,0.14,1
11906382,99.02,0.01,0.96,0.01,5
3678429,99.88,0.0,0.1,0.01,8
336960,93.18,1.77,1.43,3.63,145
3653207,92.02,2.32,0.22,5.44,58
10494550,96.76,0.07,0.1,3.07,47
6976414,99.73,0.01,0.25,0.0,2
3575220,86.56,5.25,7.73,0.46,8
12379725,99.89,0.0,0.1,0.01,4
13192046,99.97,0.0,0.02,0.01,3
8325544,2.23,4.99,0.06,92.72,1
12914154,99.91,0.01,0.02,0.06,5
13968572,99.84,0.01,0.13,0.02,2
6796364,99.76,0.02,0.1,0.13,1
8814105,99.9,0.0,0.09,0.01,17
6296656,96.92,0.04,0.11,2.93,57
11334091,95.75,2.27,1.96,0.03,24
321328,99.95,0.0,0.04,0.01,11
10311094,62.05,0.86,0.2,36.89,5
6764572,97.77,0.3,0.26,1.67,53
7728499,99.46,0.01,0.48,0.05,6
2243499,99.93,0.0,0.07,0.0,1
3765289,57.72,13.63,0.19,28.46,2
10233104,83.37,3.68,0.21,12.74,34
11295065,99.88,0.0,0.12,0.0,2
8720718,98.09,0.75,0.58,0.58,80
12586305,89.3,0.13,0.33,10.25,3
8956962,66.6,7.05,5.53,20.82,8
11126122,84.33,0.13,0.4,15.14,5
13565471,99.52,0.01,0.46,0.01,1
12826145,99.95,0.0,0.04,0.01,4
11873789,99.88,0.0,0.1,0.01,8
13378923,99.95,0.0,0.03,0.01,5
6444303,99.88,0.01,0.08,0.03,21
743211,97.52,0.76,1.33,0.39,49
8563141,91.59,0.16,2.01,6.24,37
14813006,99.98,0.0,0.01,0.01,1
7294565,99.84,0.0,0.14,0.01,1
11498416,75.28,3.01,2.76,18.96,38
5267396,96.07,0.01,0.08,3.85,73
2881388,96.12,1.29,1.04,1.55,95
14469894,99.98,0.0,0.01,0.01,1
6324649,81.81,8.53,4.28,5.37,54
9125711,1.83,58.29,39.72,0.17,1
13864415,70.01,0.07,0.04,29.88,3
12540640,99.91,0.0,0.05,0.03,3
8904297,80.02,10.06,0.05,9.87,10
8193344,94.2,0.16,0.07,5.57,26
6277566,66.38,0.57,0.17,32.88,3
7809904,99.94,0.01,0.04,0.01,21
13723404,69.9,1.26,4.66,24.18,4
8973362,99.87,0.02,0.05,0.06,3
625012,99.02,0.04,0.12,0.82,123
12738641,82.3,8.91,5.58,3.21,7
932853,95.39,0.05,0.12,4.44,17
2410846,82.27,1.06,0.36,16.31,6
5959740,5.91,39.38,54.02,0.69,1
8555187,96.75,0.26,0.09,2.9,29
11455804,99.91,0.0,0.08,0.0,4
5702292,90.45,1.99,0.72,6.83,13
2219399,96.46,2.06,0.09,1.4,49
1692573,95.12,0.98,1.79,2.1,92
5940069,89.22,3.37,2.24,5.17,19
7178893,99.93,0.0,0.05,0.01,9
14186170,99.92,0.01,0.04,0.03,5
257588,95.84,0.04,0.18,3.94,132
9504314,1.59,57.34,40.98,0.09,1
11258721,98.74,0.21,0.78,0.27,4
777903,92.8,0.31,6.33,0.56,17
13313124,94.97,0.01,0.09,4.93,2
10701625,76.58,1.59,0.06,21.76,4
3294152,91.6,1.16,1.78,5.47,77
12318093,80.06,0.37,0.03,19.54,4
3957602,99.75,0.01,0.12,0.12,63
9231486,99.94,0.0,0.05,0.01,30
2277821,98.59,0.01,0.05,1.35,83
7033732,94.16,2.06,2.96,0.82,60
12652181,99.93,0.01,0.06,0.01,2
8172380,83.36,4.45,0.66,11.54,87
8303267,99.96,0.0,0.03,0.0,2
6646604,90.77,1.0,0.14,8.09,30
12916551,98.69,0.02,0.08,1.21,33
6862758,99.86,0.01,0.12,0.01,11
3914363,65.7,0.24,15.4,18.66,5
7931882,99.94,0.0,0.05,0.01,11
2126053,93.54,1.62,1.22,3.62,37
5927267,94.53,0.86,0.27,4.34,40
839265,96.55,0.02,0.25,3.17,16
13674701,99.81,0.03,0.07,0.09,2
12363660,71.11,12.01,7.73,9.16,15
1234740,86.95,0.07,0.03,12.94,9
3656168,98.95,0.03,0.09,0.93,4
658029,82.45,7.43,1.58,8.55,65
2694019,86.01,5.01,1.34,7.64,34
1275498,93.78,5.68,0.15,0.39,15
8461819,99.9,0.0,0.09,0.0,2
1358531,76.46,1.64,21.86,0.03,3
5717690,82.65,0.95,0.53,15.87,27
3166256,90.58,5.49,3.51,0.41,102
475259,67.1,0.64,0.12,32.14,3
10734159,99.3,0.01,0.06,0.63,22
6119918,85.18,0.24,0.28,14.3,51
7356415,99.91,0.0,0.08,0.01,3
8536127,63.45,21.75,1.7,13.1,21
10132073,99.82,0.0,0.17,0.01,4
7095658,99.92,0.01,0.07,0.01,2
4196643,77.08,5.22,5.74,11.96,72
5125723,96.47,1.98,1.53,0.01,29
13110347,99.82,0.01,0.1,0.07,33
4294835,88.99,0.11,0.16,10.73,43
12034317,99.97,0.0,0.02,0.01,1
13107648,99.94,0.0,0.04,0.02,19
14389002,99.96,0.01,0.03,0.01,1
13642405,68.93,11.53,13.6,5.94,8
8934599,99.88,0.0,0.1,0.02,7
12463555,99.05,0.06,0.09,0.81,7
7281884,95.28,1.01,0.71,2.99,82
13814175,75.25,16.22,8.46,0.07,4
11343048,70.68,7.06,3.74,18.52,11
182613,97.41,0.04,0.18,2.37,50
13056513,99.85,0.0,0.13,0.02,11
8170181,94.54,2.69,0.52,2.25,22
2848370,91.49,1.84,0.25,6.42,36
3302294,80.0,4.31,0.5,15.19,133
11229070,99.89,0.0,0.07,0.04,32
7749568,93.57,0.01,0.04,6.37,15
6543678,89.57,4.08,1.53,4.82,19
519272,89.33,4.14,6.49,0.04,9
4653267,99.74,0.0,0.25,0.01,1
13017162,77.6,7.43,1.73,13.25,14
4314054,87.81,3.21,1.41,7.57,198
13024208,99.98,0.0,0.01,0.01,1
6613472,99.86,0.0,0.1,0.04,8
5661246,97.02,0.05,0.18,2.75,36
8133752,99.85,0.01,0.07,0.07,9
2043541,77.11,9.99,3.79,9.11,37
7181950,97.51,0.02,0.05,2.42,67
8822499,99.96,0.01,0.02,0.01,4
10552237,53.81,25.98,12.31,7.91,8
12508801,99.96,0.0,0.03,0.01,3
4553903,94.54,0.22,0.23,5.01,140
6106955,99.96,0.0,0.03,0.01,8
6644330,98.29,0.42,1.09,0.2,5
13830152,98.82,0.01,0.04,1.13,5
9575439,99.92,0.01,0.05,0.03,10
197146,99.21,0.04,0.73,0.02,20
1863443,79.99,19.84,0.06,0.11,5
10032327,99.91,0.0,0.05,0.04,20
8789821,99.63,0.01,0.35,0.01,6
3873776,88.19,0.54,0.25,11.02,7
4934600,89.68,1.93,1.4,6.99,64
7420789,99.13,0.05,0.42,0.39,33
4995033,89.56,3.64,2.38,4.42,33
7735518,99.92,0.0,0.06,0.02,1
8537786,68.81,1.16,0.68,29.34,14
9473811,33.82,17.37,15.51,33.3,3
13251243,97.14,0.07,0.23,2.56,16
1340649,99.29,0.06,0.64,0.01,8
9706279,99.96,0.0,0.04,0.01,1
21337,74.51,1.19,0.1,24.2,11
13063952,99.76,0.01,0.22,0.01,3
973840,95.37,1.19,1.07,2.37,42
3432321,95.75,0.06,0.18,4.02,82
22212,75.06,0.33,0.31,24.3,23
14714374,99.94,0.0,0.05,0.0,3
12870514,98.71,0.18,0.53,0.57,10
1161210,96.06,0.76,0.68,2.49,162
4151979,95.55,0.49,1.11,2.85,88
7784616,97.17,0.01,0.03,2.79,2
12183851,56.11,24.95,9.48,9.47,20
13532311,99.95,0.01,0.03,0.01,1
8441187,91.78,2.13,0.29,5.8,45
13002808,92.33,4.37,3.27,0.03,13
667325,97.84,0.13,0.26,1.76,58
12052292,1.6,56.0,42.27,0.13,1
11796879,99.23,0.01,0.02,0.74,2
10117803,50.21,49.62,0.03,0.14,2
4765070,94.99,0.82,0.72,3.47,139
12957423,98.05,0.33,0.18,1.44,36
9109401,83.58,6.2,4.48,5.74,19
3740274,99.44,0.06,0.19,0.32,36
8859689,83.87,7.74,5.42,2.98,15
5453775,84.83,11.03,3.14,1.0,14
7651065,99.6,0.01,0.37,0.01,29
3997572,99.96,0.0,0.03,0.0,3
9685085,99.94,0.0,0.05,0.0,3
3182473,80.6,0.15,0.23,19.02,9
4106372,92.36,4.05,1.85,1.74,49
14632821,75.56,15.09,9.28,0.07,4
7860369,99.84,0.0,0.05,0.11,1
29765,94.16,3.81,1.86,0.18,90
1541166,99.92,0.0,0.07,0.02,16
12987348,99.69,0.01,0.04,0.26,26
7003280,92.07,0.31,0.2,7.42,97
6343532,89.51,2.82,0.91,6.77,63
5801643,77.04,2.99,1.18,18.78,31
5584915,99.74,0.02,0.1,0.15,2
1262443,2.6,68.26,27.91,1.24,3
8577620,99.8,0.02,0.16,0.02,9
4340110,98.81,0.03,0.17,0.99,74
5990808,92.86,0.19,0.18,6.77,39
2227959,97.26,0.4,0.42,1.92,176
1445064,95.31,0.42,0.6,3.68,73
2747654,62.03,8.3,0.17,29.49,67
14461998,99.8,0.03,0.11,0.06,2
13820571,99.74,0.01,0.22,0.03,28
7562235,65.53,0.06,0.09,34.31,3
13275334,99.89,0.01,0.07,0.04,8
1587540,99.82,0.01,0.13,0.03,26
10116726,99.93,0.0,0.06,0.01,1
7961477,91.0,4.94,4.05,0.01,11
9991857,99.96,0.0,0.03,0.01,1
13233001,99.77,0.02,0.04,0.17,1
11648688,50.06,41.69,0.03,8.22,2
4964365,83.75,12.0,3.74,0.51,6
8861069,91.63,3.25,1.66,3.46,20
3353,89.76,3.31,0.35,6.58,34
5639731,72.77,5.12,3.05,19.06,13
12274601,99.62,0.01,0.37,0.0,1
13918656,2.38,70.32,26.93,0.37,1
801680,95.53,0.55,0.06,3.87,23
6400348,99.92,0.0,0.07,0.01,2
8548176,89.98,4.11,0.39,5.52,24
3311675,30.66,5.94,0.51,62.9,3
13081347,95.34,2.75,1.28,0.62,2
2943804,99.95,0.01,0.03,0.01,7
11990528,86.82,0.05,13.11,0.02,3
799701,99.46,0.01,0.52,0.01,2
250345,82.09,4.7,0.19,13.03,22
13924495,99.97,0.0,0.02,0.01,2
2384581,93.22,0.26,0.06,6.46,14
6378076,95.2,0.02,0.15,4.63,23
2538536,94.44,0.05,0.15,5.37,17
5976821,99.75,0.01,0.22,0.02,59
6348631,78.03,0.18,0.15,21.64,8
7275018,99.88,0.0,0.11,0.01,3
1887581,80.89,5.5,1.93,11.68,64
1374466,99.9,0.01,0.09,0.01,25
8163273,99.94,0.01,0.05,0.0,1
4875342,88.76,5.48,3.6,2.16,11
3050565,98.41,0.26,0.08,1.25,23
7723492,95.45,0.2,0.14,4.2,22
8064980,80.18,0.01,0.04,19.77,5
12665563,99.91,0.0,0.05,0.04,13
9961767,99.95,0.0,0.04,0.0,2
7618925,92.79,1.83,0.22,5.16,1
11494020,99.88,0.01,0.08,0.02,9
13264687,83.4,10.33,6.15,0.12,6
12915510,26.95,50.66,22.04,0.35,4
8735827,94.11,0.23,0.13,5.53,31
12648403,94.05,5.0,0.04,0.91,20
4489752,89.48,1.91,2.84,5.77,22
721979,98.2,0.02,1.77,0.01,7
9493951,90.77,0.43,0.17,8.63,43
6118583,99.25,0.07,0.51,0.17,10
3522237,99.47,0.07,0.04,0.42,2
5856633,99.95,0.0,0.04,0.0,1
1042420,97.34,0.22,0.47,1.96,52
12246137,99.91,0.0,0.09,0.0,1
13816458,99.79,0.01,0.15,0.04,7
4586590,96.89,0.09,0.17,2.84,102
2022303,94.4,1.56,1.2,2.84,84
14574734,99.84,0.01,0.08,0.08,3
1391492,96.28,0.21,1.61,1.9,71
7929879,70.03,16.49,0.13,13.35,6
13697966,90.92,1.37,0.63,7.08,3
11985521,99.98,0.0,0.01,0.01,1
9470342,99.94,0.01,0.04,0.02,1
7874552,92.73,3.48,0.18,3.62,29
11626869,91.71,6.72,0.24,1.34,12
3775876,88.39,0.21,0.29,11.11,10
12756776,79.36,1.3,0.58,18.75,5
13669224,99.9,0.01,0.06,0.03,4
9346513,99.9,0.01,0.04,0.05,7
1544702,97.68,0.21,0.36,1.76,222
9238963,99.08,0.01,0.91,0.0,2
14252020,50.84,28.5,20.56,0.1,6
7575576,60.02,0.26,0.07,39.65,4
11223924,97.61,0.08,0.4,1.91,30
9896359,99.96,0.0,0.03,0.0,5
13686161,2.69,71.97,22.31,3.03,1
13242393,99.96,0.0,0.04,0.0,1
8987722,95.83,0.03,0.54,3.6,50
1545185,93.68,3.22,0.08,3.01,31
10835494,99.47,0.0,0.52,0.01,3
9250014,99.76,0.01,0.08,0.15,10
5380160,80.14,9.4,5.91,4.55,27
7789055,90.74,3.44,1.51,4.3,38
8792552,54.62,17.12,3.23,25.02,38
13073078,51.01,30.24,18.64,0.11,6
8458210,99.58,0.01,0.4,0.02,48
2429961,83.35,3.43,2.98,10.25,17
2014882,94.99,1.04,0.5,3.48,104
8518237,99.23,0.08,0.17,0.53,42
14094279,99.88,0.0,0.1,0.02,12
12268144,99.97,0.0,0.02,0.0,4
11474006,99.81,0.01,0.18,0.01,13
13060366,1.94,61.21,36.66,0.19,1
13589,85.9,2.81,3.07,8.22,52
6131224,99.78,0.01,0.19,0.03,10
1839549,94.64,1.21,1.02,3.13,59
1648950,92.87,0.16,0.32,6.65,81
1171578,98.82,0.01,0.22,0.95,108
12580274,90.74,0.16,0.54,8.56,35
6373729,99.94,0.0,0.05,0.01,1
7573274,50.2,0.01,0.01,49.78,2
8799256,92.44,0.35,0.07,7.14,43
9541295,99.6,0.01,0.16,0.23,17
179244,89.88,1.28,1.41,7.43,81
5725804,99.96,0.0,0.03,0.01,2
13993185,99.39,0.01,0.59,0.01,10
13926017,61.17,17.55,6.76,14.52,4
13800294,52.8,0.14,0.03,47.03,2
4767023,99.84,0.01,0.06,0.09,9
6544715,83.23,5.93,4.12,6.72,10
10807,99.48,0.01,0.51,0.0,1
1721016,68.9,16.51,14.2,0.39,3
8614167,85.59,7.38,6.77,0.27,7
5769127,49.93,49.98,0.09,0.0,2
12383703,78.41,0.01,0.06,21.52,3
14489201,99.92,0.0,0.05,0.02,3
9765,78.73,0.76,0.14,20.37,9
115936,71.41,10.63,0.53,17.43,7
6038520,95.47,2.91,1.58,0.03,22
568234,93.77,2.35,2.91,0.98,132
10279083,67.52,23.99,7.48,1.01,3
6690605,97.86,0.04,0.57,1.53,6
9685076,97.93,0.15,1.48,0.44,3
728238,92.73,2.39,0.55,4.33,88
6000531,99.97,0.0,0.03,0.01,4
13163259,99.97,0.0,0.03,0.0,1
8814215,80.58,1.81,0.18,17.42,5
13912472,99.82,0.01,0.07,0.09,8
713627,99.86,0.0,0.13,0.01,1
6780313,77.46,0.89,0.15,21.49,18
13005579,91.76,5.98,0.07,2.19,22
4828640,94.39,1.43,0.69,3.49,54
5191658,94.29,0.13,1.65,3.94,24
4431210,72.91,0.48,0.55,26.07,5
7939556,99.76,0.0,0.23,0.01,1
3977877,99.89,0.0,0.1,0.01,3
13140867,99.82,0.01,0.12,0.05,9
3888360,91.69,0.14,0.13,8.04,24
11343485,86.07,4.51,2.71,6.71,14
9770477,55.52,12.0,0.4,32.08,8
12904318,99.94,0.0,0.03,0.03,1
851927,99.96,0.01,0.03,0.01,7
8063870,52.38,0.14,0.13,47.35,2
1401625,93.09,0.04,0.59,6.28,4
6513924,91.11,2.36,1.34,5.19,30
2831504,99.96,0.0,0.02,0.01,2
8596320,79.53,6.96,5.72,7.8,8
10883063,97.53,0.11,2.08,0.28,15
9833460,99.88,0.0,0.11,0.0,3
6326257,96.81,0.96,0.13,2.1,62
12899026,99.97,0.0,0.02,0.01,1
13623390,99.97,0.0,0.03,0.0,5
2843596,97.47,0.19,0.13,2.21,79
1704090,93.26,0.04,0.14,6.56,67
11592067,75.65,17.99,5.59,0.76,4
1956275,85.51,2.4,0.18,11.91,74
6870366,96.34,0.2,1.26,2.2,133
6276572,93.22,4.74,1.82,0.22,15
13969217,37.69,32.72,0.26,29.32,3
12873559,99.97,0.0,0.02,0.01,1
5004278,97.58,0.0,0.04,2.38,28
2583074,96.59,1.93,1.47,0.01,31
12022134,93.07,0.61,2.08,4.24,1
1203014,99.2,0.02,0.13,0.64,60
10634364,60.62,23.52,15.79,0.06,5
7633883,85.84,8.7,5.43,0.03,7
14057466,99.87,0.0,0.11,0.02,2
14254537,99.93,0.0,0.06,0.0,2
14300921,99.61,0.02,0.31,0.06,6
14426987,99.88,0.01,0.03,0.09,5
4900659,98.41,0.04,0.07,1.48,30
14719754,98.86,0.01,0.02,1.11,1
14843050,50.87,29.15,19.88,0.1,2
10190260,99.96,0.0,0.04,0.0,1
10021398,98.75,0.01,0.16,1.08,22
3931204,99.93,0.0,0.06,0.01,9
6027467,99.96,0.0,0.03,0.01,3
13514017,72.28,9.28,6.03,12.4,14
1701741,79.52,0.04,0.08,20.36,8
9727523,92.44,6.68,0.57,0.32,15
4065578,96.64,2.17,0.55,0.64,68
4638356,95.0,0.01,0.05,4.94,21
5049582,99.92,0.0,0.07,0.01,8
14713980,1.76,51.2,46.9,0.15,1
1051482,82.13,2.14,2.03,13.7,29
7509273,99.87,0.01,0.11,0.01,7
3094942,99.94,0.0,0.05,0.01,10
2365632,95.37,0.7,1.44,2.49,55
8048838,99.98,0.0,0.01,0.01,1
9207914,91.47,1.5,0.09,6.95,43
735970,99.52,0.04,0.04,0.41,3
12320063,99.91,0.01,0.06,0.02,3
2886933,96.03,0.07,2.2,1.71,46
13296735,99.82,0.01,0.14,0.02,14
4402209,95.7,1.28,2.99,0.03,20
4489920,99.95,0.0,0.04,0.01,1
13942919,99.72,0.06,0.03,0.19,6
6823017,94.33,0.02,0.13,5.53,35
3985462,98.96,0.83,0.14,0.06,121
12604733,2.08,62.15,35.64,0.14,1
1174776,86.23,0.03,0.04,13.7,6
3410087,82.32,7.46,1.38,8.84,80
6730758,99.18,0.02,0.08,0.71,46
10411383,99.98,0.0,0.01,0.0,1
7693009,93.41,4.03,2.53,0.03,15
13812075,95.37,0.03,4.58,0.03,14
6227976,51.18,36.0,11.23,1.6,2
12971157,50.75,30.44,18.73,0.08,2
5344465,91.08,6.01,2.15,0.76,12
1185034,89.28,3.77,2.48,4.47,16
1631942,85.85,5.9,5.07,3.17,18
9577988,99.35,0.02,0.07,0.56,23
13951039,99.88,0.0,0.1,0.01,7
3276286,82.63,3.99,2.19,11.19,39
6576530,72.5,0.77,0.95,25.78,4
6640662,99.97,0.0,0.03,0.0,1
3069104,92.94,0.06,1.35,5.65,17
200265,96.07,0.6,0.76,2.58,118
2633478,97.62,0.01,0.07,2.3,12
7693354,93.53,2.08,0.86,3.53,113
13239143,99.65,0.07,0.07,0.21,2
1214214,99.96,0.0,0.04,0.0,1
179245,90.63,4.5,1.0,3.88,33
13863117,86.86,0.48,0.43,12.22,7
2672058,83.4,10.03,0.36,6.2,10
2892825,41.02,14.22,16.61,28.15,7
13801598,99.97,0.0,0.03,0.01,2
9894686,95.13,1.4,0.18,3.3,65
11572070,99.97,0.0,0.03,0.0,1
7018497,99.02,0.01,0.96,0.01,6
5026613,99.12,0.01,0.1,0.77,58
9463444,99.84,0.01,0.12,0.04,16
6801288,99.78,0.01,0.15,0.06,17
9860,77.36,4.96,0.15,17.53,22
2915595,94.54,2.46,2.28,0.73,47
14429876,94.76,0.25,2.77,2.22,3
13994056,82.91,0.4,0.1,16.59,11
54215,99.11,0.03,0.06,0.79,5
3953472,93.41,0.08,0.06,6.45,12
6602217,96.05,2.24,0.81,0.91,66
9212213,93.53,3.23,2.38,0.85,18
4588530,99.9,0.0,0.09,0.01,10
13414159,92.87,0.02,0.07,7.03,14
3032367,97.94,0.01,0.16,1.89,41
14360470,99.58,0.02,0.38,0.02,1
2183117,89.57,6.37,4.0,0.06,19
10228457,99.59,0.05,0.21,0.15,3
177129,97.87,0.47,0.75,0.91,130
12593869,99.61,0.01,0.36,0.02,2
8733896,99.93,0.01,0.06,0.01,37
7109689,99.81,0.02,0.11,0.06,4
7635616,92.93,0.0,7.06,0.0,5
14040282,98.61,0.01,0.05,1.33,6
7708436,99.92,0.0,0.07,0.01,26
4331214,99.27,0.04,0.13,0.55,34
8371203,99.87,0.01,0.09,0.03,8
180914,49.99,49.22,0.05,0.74,2
14303090,99.91,0.0,0.08,0.01,3
9731479,98.26,0.01,0.06,1.68,35
8753913,99.17,0.01,0.07,0.76,26
7728508,93.29,0.25,0.06,6.4,21
7308623,99.98,0.0,0.01,0.0,1
8497555,38.68,26.82,15.17,19.33,7
7527677,2.15,50.09,0.12,47.64,2
13490438,99.94,0.0,0.05,0.0,1
13714934,99.77,0.0,0.09,0.14,3
13927765,99.95,0.01,0.03,0.01,12
7006683,99.76,0.0,0.21,0.02,2
766700,90.58,0.75,0.3,8.37,244
8556025,97.3,0.75,0.73,1.21,72
4573238,75.52,6.62,0.92,16.95,45
4978467,99.96,0.0,0.03,0.01,2
1092093,99.74,0.01,0.23,0.02,9
14092430,81.68,0.11,0.21,18.0,11
12581300,98.92,0.03,0.82,0.23,11
8908145,99.94,0.0,0.05,0.01,2
14461747,99.91,0.0,0.08,0.01,2
14308511,99.57,0.01,0.13,0.29,5
4996375,88.58,5.22,5.98,0.22,55
13298137,99.95,0.0,0.04,0.0,1
3629014,99.45,0.01,0.5,0.04,48
9663423,63.33,19.75,13.04,3.88,6
8828147,99.42,0.01,0.1,0.47,4
1936861,97.33,0.55,0.69,1.44,143
5454513,99.09,0.1,0.07,0.75,13
14770708,99.96,0.0,0.03,0.0,1
12051674,79.95,5.74,0.71,13.6,13
708802,99.21,0.01,0.1,0.67,221
5153080,99.62,0.01,0.18,0.19,49
6693305,99.52,0.0,0.47,0.0,1
12356,90.81,0.01,0.07,9.1,9
5967421,97.58,0.01,0.28,2.13,46
6364042,99.22,0.07,0.66,0.05,17
8166076,89.91,0.32,0.24,9.53,45
14468407,74.17,0.31,0.18,25.34,2
11474629,99.84,0.01,0.07,0.08,5
4143561,81.62,0.54,0.07,17.78,15
5919529,93.37,3.4,3.2,0.04,15
25142,88.89,5.49,5.45,0.17,9
594693,92.0,1.92,2.4,3.67,23
14322546,2.69,71.97,22.31,3.03,1
164418,94.26,0.04,0.17,5.53,37
10610205,99.51,0.01,0.46,0.02,14
6248526,99.97,0.0,0.02,0.01,2
1775935,67.17,0.01,0.02,32.8,3
6843850,67.51,23.36,8.96,0.18,3
3897963,98.57,0.07,0.57,0.79,83
1489289,99.89,0.01,0.1,0.01,39
5054601,90.59,2.57,2.06,4.79,38
7996844,95.1,0.05,0.31,4.55,33
13152370,87.11,10.36,0.18,2.35,10
12081834,99.92,0.0,0.07,0.0,7
5352623,99.96,0.01,0.02,0.01,4
14246616,98.36,0.01,0.1,1.53,3
250983,92.65,3.98,3.22,0.15,13
8670336,79.07,7.46,1.45,12.01,38
4181163,99.96,0.0,0.02,0.01,3
4283698,87.65,4.04,0.61,7.7,55
3704801,99.57,0.01,0.36,0.07,2
5904732,99.82,0.01,0.17,0.01,9
6971836,80.5,14.17,4.97,0.36,10
7575052,99.79,0.0,0.19,0.01,23
12653367,1.94,61.21,36.66,0.19,1
9496337,82.91,0.37,2.47,14.25,10
7264674,99.89,0.01,0.08,0.03,15
6923446,99.49,0.02,0.15,0.33,16
10227043,96.82,2.13,0.95,0.09,33
12343588,99.4,0.03,0.32,0.25,30
5412487,4.12,39.91,55.58,0.39,1
11418599,98.97,0.01,0.22,0.8,12
9445192,99.9,0.01,0.06,0.03,2
40601,99.67,0.02,0.23,0.08,55
4560053,89.39,0.53,0.07,10.01,23
10882267,99.96,0.0,0.03,0.01,1
12752020,99.98,0.0,0.02,0.0,1
6790961,95.68,2.24,1.84,0.25,1
5640375,76.7,0.91,0.23,22.16,20
4698367,98.05,0.01,1.76,0.17,60
2880944,98.94,0.08,0.12,0.86,4
2950175,99.85,0.01,0.14,0.01,12
12436115,23.9,41.18,7.5,27.42,7
12626504,75.13,15.31,9.5,0.06,4
8252058,95.8,0.13,0.45,3.63,89
2823378,96.08,0.14,0.21,3.57,31
2374089,99.95,0.0,0.04,0.01,5
1966195,91.55,0.02,0.06,8.37,23
7931331,87.15,3.67,1.16,8.03,21
3229255,98.54,0.1,0.16,1.2,53
3434614,96.27,0.92,0.14,2.67,25
9425902,99.94,0.0,0.05,0.01,8
13111691,1.8,58.52,39.52,0.16,1
3164650,91.52,0.09,0.17,8.22,7
6292261,98.04,0.08,0.39,1.49,65
7965521,93.81,4.36,1.78,0.04,16
5719606,99.95,0.01,0.04,0.0,1
56937,71.06,14.63,5.27,9.04,10
4098410,67.3,19.45,4.4,8.85,20
2247190,71.81,0.27,0.05,27.87,14
13968660,99.97,0.0,0.03,0.0,1
4518756,71.95,6.31,4.14,17.6,19
7358714,8.98,0.12,0.12,90.77,1
6213822,87.24,0.06,0.07,12.64,11
9144588,97.04,0.04,0.09,2.83,43
6776075,99.96,0.0,0.03,0.0,1
13864196,84.24,2.37,0.51,12.88,7
12927298,50.77,29.58,19.55,0.11,2
12383204,99.83,0.0,0.16,0.0,1
13433298,99.79,0.03,0.11,0.07,13
10653150,74.96,5.2,0.17,19.67,41
6850880,95.38,0.02,0.1,4.51,1
3415434,64.93,13.26,0.15,21.66,8
12727401,8.2,29.41,20.26,42.13,2
12290886,99.95,0.0,0.02,0.03,2
2016500,99.93,0.0,0.07,0.01,5
8815257,92.06,1.52,0.04,6.38,27
25418,99.89,0.01,0.06,0.04,4
5970118,74.74,15.32,9.07,0.87,4
7984949,99.94,0.0,0.04,0.01,6
7740436,94.41,3.9,1.66,0.04,18
6951829,99.92,0.0,0.07,0.0,1
11688611,85.69,7.36,6.91,0.03,7
14085771,99.91,0.0,0.08,0.01,2
7919500,92.36,7.15,0.2,0.29,14
13028899,99.72,0.04,0.17,0.06,3
5918944,95.37,0.02,4.6,0.01,5
2135075,77.77,4.42,3.31,14.5,92
4351970,99.93,0.0,0.06,0.01,2
12287958,99.88,0.0,0.11,0.01,1
6009031,59.27,0.62,0.23,39.89,2
5717528,99.91,0.01,0.05,0.03,7
1264217,90.83,0.17,0.08,8.92,12
13602808,99.89,0.0,0.1,0.01,7
4750791,93.9,2.26,3.8,0.04,16
10356880,99.75,0.02,0.17,0.07,36
9111413,82.84,0.32,0.09,16.74,35
11826815,99.93,0.01,0.06,0.01,5
11760822,96.49,0.01,0.05,3.45,19
7856323,83.28,0.8,0.34,15.59,17
14296152,68.34,0.14,0.06,31.46,1
8391298,84.77,8.87,6.29,0.07,13
13510994,99.81,0.01,0.06,0.12,5
14043390,67.13,19.53,13.31,0.04,3
1964878,89.69,8.35,0.11,1.86,12
14221294,81.8,0.02,0.05,18.13,5
1109224,90.68,4.31,1.89,3.12,35
4263736,96.9,0.44,0.76,1.91,85
13605196,67.09,18.87,13.99,0.04,6
1811776,92.79,1.79,1.16,4.26,173
3377100,93.77,3.15,2.92,0.16,60
10855052,50.42,33.45,11.0,5.13,4
12618291,99.94,0.0,0.05,0.01,3
14158636,99.96,0.0,0.04,0.0,1
4112178,99.95,0.0,0.03,0.01,1
8428314,99.84,0.04,0.09,0.03,23
7403927,99.82,0.01,0.14,0.04,3
10470115,92.58,0.34,0.64,6.44,3
561769,93.03,0.79,0.25,5.93,4
13258244,99.23,0.04,0.71,0.02,2
7205210,99.94,0.0,0.05,0.01,11
5025015,77.84,6.64,3.82,11.69,99
8189821,99.92,0.0,0.02,0.06,2
13294824,79.94,19.89,0.1,0.07,5
916123,89.81,1.25,0.2,8.75,281
8923817,77.97,17.99,3.96,0.08,9
8206659,2.6,65.04,31.99,0.37,2
7911936,99.81,0.02,0.16,0.01,7
11799482,99.97,0.0,0.02,0.0,2
13713445,99.8,0.01,0.18,0.0,1
9857049,92.84,0.78,0.71,5.68,15
7725279,90.8,0.18,0.54,8.49,21
8716849,64.29,18.15,5.54,12.01,11
13477535,99.94,0.0,0.05,0.01,1
543078,99.84,0.01,0.03,0.13,6
10542140,99.7,0.03,0.26,0.02,25
2862120,95.6,0.88,1.78,1.74,41
1695275,74.09,6.26,0.97,18.68,251
9460898,68.33,10.11,6.16,15.4,6
11940785,99.97,0.0,0.02,0.0,2
8696236,93.61,0.01,0.28,6.11,31
820073,98.89,0.03,0.09,0.99,46
13435185,99.95,0.01,0.04,0.01,2
9137560,99.98,0.0,0.01,0.0,1
7495866,99.86,0.01,0.05,0.08,26
14368660,99.81,0.0,0.18,0.0,2
7956634,99.52,0.03,0.42,0.03,7
10116429,99.86,0.0,0.13,0.0,1
11583581,67.01,11.25,2.79,18.96,20
6645010,98.17,0.04,1.57,0.22,24
1835533,69.94,10.18,2.48,17.41,38
6851459,74.96,0.09,0.09,24.87,4
11818157,62.92,7.08,7.62,22.38,5
531552,66.73,9.17,0.64,23.47,11
1615033,86.12,1.7,0.67,11.51,236
8521792,95.94,0.05,0.17,3.83,29
6924700,95.61,1.03,0.08,3.27,101
9183638,99.96,0.0,0.02,0.01,3
1755376,99.91,0.02,0.05,0.02,2
1840255,95.69,0.03,0.08,4.2,30
14105971,99.69,0.01,0.08,0.22,13
3371091,99.91,0.0,0.08,0.01,13
8539551,96.67,0.06,0.24,3.03,33
10106081,99.53,0.09,0.14,0.24,25
9844242,99.95,0.0,0.04,0.01,9
6104388,99.89,0.0,0.07,0.03,7
13083058,99.9,0.01,0.09,0.01,11
7796658,98.25,0.51,0.59,0.65,10
5074924,86.1,2.34,0.32,11.23,55
4181530,99.88,0.0,0.11,0.01,18
4430821,95.45,0.0,0.04,4.51,22
1372816,68.81,0.6,0.05,30.54,6
11686744,99.91,0.0,0.08,0.0,4
3250739,76.09,4.53,0.44,18.94,16
7252607,99.85,0.01,0.12,0.02,4
10247000,67.91,11.22,3.15,17.71,9
5581575,99.93,0.01,0.05,0.01,12
3457722,95.53,1.71,2.7,0.06,23
12949270,99.85,0.01,0.12,0.02,3
13379155,69.5,0.02,0.05,30.42,3
1745339,99.94,0.0,0.04,0.01,27
12750816,46.56,24.78,10.02,18.63,10
2706986,93.7,0.89,0.12,5.29,16
5146580,79.24,8.09,1.33,11.34,58
14387692,99.98,0.0,0.02,0.0,1
5899031,93.69,0.58,0.19,5.54,27
4698487,94.28,2.01,2.04,1.68,4
13298546,91.57,4.66,1.86,1.91,15
7845607,99.35,0.04,0.57,0.04,9
7325084,2.92,33.6,2.9,60.58,1
9235198,94.07,0.21,0.58,5.14,33
6598203,83.93,7.03,0.26,8.78,12
1929406,99.88,0.06,0.06,0.01,1
14071446,99.96,0.0,0.04,0.0,2
12221012,99.88,0.01,0.03,0.08,6
9920084,72.03,4.64,0.12,23.21,3
4069422,98.18,0.0,1.78,0.03,13
3303860,41.85,10.52,20.74,26.88,4
10809,64.68,6.18,2.3,26.84,14
210097,98.99,0.01,0.27,0.73,115
5620496,99.63,0.01,0.21,0.15,10
1141888,91.57,0.62,0.07,7.75,36
12683680,71.8,16.7,11.45,0.04,7
4777111,98.77,0.14,0.27,0.82,14
11087657,99.95,0.01,0.03,0.01,3
5870922,96.94,1.34,0.91,0.81,46
8055839,99.76,0.01,0.22,0.01,5
13265095,50.4,28.76,20.78,0.06,2
14692682,99.98,0.0,0.01,0.0,1
9862792,97.66,0.03,0.11,2.19,34
8326439,51.11,17.9,0.33,30.65,4
10995355,97.55,0.02,0.11,2.32,20
4432035,95.75,1.07,0.96,2.22,50
2963419,94.73,2.57,2.68,0.03,20
1187188,99.9,0.01,0.08,0.01,17
336946,92.92,0.12,0.28,6.68,68
12425501,91.44,5.24,2.12,1.2,15
4632511,98.45,0.01,0.11,1.43,23
4190704,70.38,3.54,0.97,25.12,81
13374617,67.18,0.03,0.97,31.83,3
8757949,87.37,2.97,3.63,6.04,22
1303261,93.94,1.21,0.18,4.68,19
9256035,79.71,7.29,2.91,10.1,10
11304657,99.98,0.0,0.01,0.0,1
4710583,99.92,0.0,0.07,0.0,2
5601743,90.66,5.52,2.42,1.4,18
12269155,99.27,0.01,0.05,0.67,55
14823724,99.96,0.0,0.03,0.0,1
1887507,84.62,1.58,1.35,12.44,42
4446413,48.36,23.64,3.69,24.31,7
1240598,74.9,11.39,0.63,13.09,76
3182652,78.98,9.89,8.5,2.63,5
13333256,2.69,71.97,22.31,3.03,1
12339410,87.67,7.65,4.58,0.1,8
349347,76.18,3.21,0.12,20.49,55
77681,82.6,6.31,2.35,8.75,21
9685102,95.7,0.07,1.48,2.75,42
1173306,90.71,1.1,0.43,7.76,23
5904992,99.5,0.06,0.12,0.32,5
12932001,97.83,0.02,0.53,1.62,3
579605,66.93,9.14,0.32,23.61,10
9218362,96.29,2.19,0.89,0.63,32
13421289,94.71,0.08,0.33,4.87,12
4109165,99.85,0.01,0.04,0.1,1
13024385,99.94,0.0,0.05,0.0,1
12699603,53.74,0.72,43.66,1.88,2
1222327,99.78,0.02,0.15,0.05,2
13653233,96.31,0.14,3.53,0.02,2
3006311,98.76,0.01,0.03,1.19,7
13594886,95.32,0.25,0.28,4.15,28
2295530,99.04,0.06,0.31,0.59,122
12608363,99.95,0.0,0.04,0.0,2
1329627,0.91,2.48,0.01,96.6,2
13585624,87.97,0.03,0.1,11.9,3
12208806,78.92,1.53,0.13,19.43,4
14250499,63.53,0.05,0.29,36.12,1
3389896,93.2,0.02,0.08,6.7,4
11767622,95.91,3.19,0.51,0.39,16
6854357,3.93,0.79,0.03,95.25,1
570493,96.96,0.1,0.22,2.72,57
3344639,97.16,0.02,0.46,2.36,45
7475557,92.33,2.92,0.09,4.67,17
3250847,99.59,0.01,0.39,0.01,4
12784064,92.47,0.05,0.12,7.35,11
6939454,72.29,10.12,3.37,14.23,34
8700820,97.94,0.04,1.93,0.09,7
11983286,96.95,0.03,0.37,2.65,63
13028092,99.86,0.01,0.11,0.02,10
8014642,20.14,2.63,5.36,71.87,2
2683284,91.59,1.46,0.22,6.73,115
2021274,93.65,0.49,0.78,5.08,94
10228228,3.52,15.38,0.07,81.03,1
18711,82.5,2.98,2.93,11.59,17
14074739,99.95,0.0,0.05,0.0,1
2360109,76.02,15.28,7.29,1.41,43
4567815,99.92,0.01,0.06,0.02,10
1885386,96.85,0.05,0.93,2.17,119
6677700,99.91,0.0,0.07,0.02,11
13800505,41.16,20.93,17.42,20.5,5
9301075,99.87,0.0,0.09,0.04,15
13907143,99.92,0.02,0.04,0.02,6
7868209,99.94,0.0,0.05,0.01,2
12233225,87.13,0.98,2.9,8.99,27
8249201,99.93,0.0,0.05,0.01,1
12811191,80.37,0.03,0.24,19.37,8
11866869,99.93,0.01,0.05,0.01,1
9390951,99.93,0.0,0.06,0.01,1
508017,95.58,0.45,0.39,3.58,156
8402408,99.36,0.06,0.14,0.44,57
13733558,75.08,19.74,4.85,0.33,8
9824155,68.74,17.97,5.8,7.5,14
962610,95.81,0.01,0.08,4.11,33
8228903,90.95,4.68,0.49,3.88,82
8096900,87.38,0.01,0.04,12.58,6
12126299,99.83,0.02,0.15,0.01,2
11276570,99.71,0.0,0.02,0.27,3
4586681,96.76,1.7,0.91,0.64,42
11861063,65.09,0.05,0.26,34.6,7
13908638,83.12,0.31,0.22,16.34,24
5990896,79.83,7.14,3.14,9.89,36
13015767,95.12,0.13,0.17,4.58,22
6425318,99.94,0.0,0.05,0.01,8
5784404,99.86,0.01,0.08,0.05,14
12627225,39.19,35.79,8.02,16.99,10
6879036,98.35,0.02,0.12,1.52,6
7855120,81.1,0.07,0.08,18.76,13
3198169,98.98,0.28,0.34,0.4,9
11757166,87.39,6.73,3.06,2.82,31
7840131,76.97,0.01,0.14,22.88,4
1277618,79.68,19.85,0.07,0.39,5
13908031,99.69,0.03,0.28,0.01,4
14262627,34.61,37.07,28.19,0.14,3
12997334,99.89,0.0,0.08,0.03,8
12052288,99.83,0.01,0.15,0.02,32
7789429,99.92,0.0,0.07,0.01,5
276450,70.64,7.02,0.59,21.75,54
7823025,95.09,0.21,0.96,3.74,57
13082258,47.89,34.85,13.63,3.62,2
20000,87.53,2.06,1.41,9.01,271
2529318,93.01,2.63,3.16,1.2,29
12109171,96.59,0.01,0.12,3.28,21
14461498,99.96,0.0,0.03,0.01,2
13331733,99.82,0.0,0.06,0.13,5
447826,99.23,0.03,0.6,0.15,198
5959251,99.77,0.0,0.17,0.06,5
12541136,99.95,0.0,0.03,0.02,6
1391215,91.24,1.27,1.67,5.82,111
1881180,97.81,0.01,0.08,2.1,43
7797744,89.58,5.55,4.44,0.43,10
169430,93.94,1.41,0.98,3.68,105
60356,81.97,0.53,0.04,17.46,5
7842550,77.27,5.62,1.52,15.59,47
11946029,98.12,0.32,1.04,0.53,8
6552654,97.55,0.02,0.06,2.37,85
9414403,91.31,4.92,3.74,0.03,23
1902160,98.35,0.02,0.17,1.46,20
1591827,91.56,1.75,1.86,4.84,117
639101,94.38,0.06,0.05,5.51,1
7092874,99.97,0.0,0.02,0.0,1
12426977,94.09,0.06,0.05,5.79,15
8575476,87.89,7.11,1.5,3.5,22
9626428,99.93,0.0,0.06,0.01,1
1912940,92.9,1.82,0.89,4.39,63
11240774,91.24,0.22,0.08,8.46,10
57156,75.55,10.96,12.07,1.42,17
12655758,72.68,14.78,10.91,1.63,8
1436513,99.95,0.0,0.04,0.0,1
4922204,96.0,0.21,0.22,3.57,82
8310807,88.89,1.06,2.54,7.51,47
4609785,98.0,0.04,0.1,1.86,57
8310653,97.1,0.01,0.59,2.29,11
13318173,99.93,0.0,0.07,0.01,7
9107357,94.03,0.47,0.27,5.22,49
13081090,80.29,14.4,4.66,0.65,5
6677640,96.72,0.0,0.04,3.24,16
13415816,99.95,0.0,0.03,0.02,2
14536322,99.95,0.0,0.04,0.0,2
4107959,99.58,0.01,0.31,0.09,67
4315439,99.95,0.01,0.04,0.0,1
4652263,99.91,0.0,0.08,0.0,1
12103501,99.91,0.0,0.08,0.01,3
13000520,85.34,0.04,0.13,14.49,9
13592,67.63,15.05,0.26,17.06,15
2547075,84.06,0.19,0.05,15.7,20
2189086,90.94,1.16,0.53,7.37,12
9809914,90.94,4.36,0.64,4.07,20
11579622,86.67,5.99,1.77,5.58,38
7489883,2.37,60.57,36.78,0.28,1
3615760,84.46,4.81,1.36,9.37,76
11122394,99.93,0.01,0.05,0.01,19
10524612,98.82,0.03,0.76,0.38,23
11618815,94.73,2.66,2.57,0.03,19
8325477,99.94,0.0,0.03,0.03,4
160572,99.94,0.0,0.05,0.01,2
8274008,99.74,0.01,0.08,0.18,32
2246959,86.08,2.77,2.17,8.97,22
586994,89.75,1.53,1.85,6.88,62
13584884,99.92,0.0,0.05,0.02,10
12233285,87.77,0.56,0.21,11.46,26
3842286,95.52,1.82,2.61,0.06,22
3721095,96.53,0.65,0.6,2.22,98
8495348,94.36,0.03,2.96,2.65,3
7743569,99.94,0.0,0.06,0.01,11
1961034,99.87,0.0,0.13,0.0,1
1724900,99.63,0.03,0.22,0.12,26
2378421,95.89,2.11,0.19,1.8,63
13433475,75.07,13.6,0.07,11.25,8
13751871,85.55,0.42,3.08,10.95,3
14335003,99.96,0.0,0.03,0.0,1
3131519,99.49,0.01,0.19,0.31,8
13216268,82.59,0.28,0.56,16.57,6
14219033,99.93,0.0,0.07,0.0,3
13074722,74.03,14.95,9.47,1.55,4
4032756,99.82,0.03,0.11,0.04,18
3420384,99.57,0.01,0.43,0.0,1
5660081,24.35,31.14,44.43,0.07,2
4547353,99.88,0.0,0.1,0.01,4
3079305,96.58,1.37,2.0,0.05,29
10231171,94.88,0.08,2.37,2.68,38
12130434,50.33,41.26,4.24,4.17,2
3673104,93.5,0.3,0.07,6.13,9
7482338,90.79,4.24,1.64,3.34,51
14662927,99.58,0.01,0.37,0.03,2
1200502,83.16,2.34,0.35,14.15,34
9711934,87.54,5.65,3.96,2.85,21
13642260,79.99,3.21,0.06,16.74,5
4736217,99.95,0.0,0.05,0.0,1
10117329,52.84,0.43,0.04,46.7,2
1873046,69.34,3.4,2.15,25.11,29
3901439,92.5,2.85,0.6,4.06,66
14137262,98.03,0.08,0.25,1.65,9
12191871,99.92,0.0,0.06,0.02,7
12833084,99.47,0.03,0.48,0.02,2
13521713,77.22,0.35,4.43,18.0,5
7007801,73.83,7.5,2.27,16.4,22
8747720,99.9,0.0,0.09,0.01,6
13266176,99.71,0.0,0.06,0.22,11
1141522,83.18,2.01,0.93,13.88,237
14663743,99.8,0.01,0.19,0.0,1
11648212,32.11,40.18,25.24,2.47,6
7755144,91.86,0.22,0.15,7.77,24
1776190,99.95,0.01,0.03,0.01,1
13996398,99.94,0.0,0.06,0.0,2
12372052,99.86,0.01,0.13,0.01,4
4628907,57.47,10.45,7.32,24.75,6
8291550,99.95,0.0,0.05,0.0,1
5593939,93.48,1.75,1.62,3.15,68
9208166,97.86,0.03,0.08,2.03,42
4580825,88.25,0.94,0.16,10.65,51
11082235,99.83,0.01,0.16,0.01,17
13046976,99.77,0.01,0.12,0.11,9
1327725,95.24,0.06,0.15,4.55,132
217498,94.88,0.85,1.08,3.19,119
2848393,97.1,0.03,0.1,2.76,8
7511737,99.87,0.0,0.12,0.0,1
12176027,99.96,0.0,0.03,0.0,2
14522631,99.57,0.01,0.4,0.02,2
2292495,92.4,4.43,3.13,0.05,27
13171246,99.9,0.0,0.08,0.02,4
6287797,99.91,0.0,0.08,0.0,1
4860853,83.92,4.95,0.87,10.26,21
5768819,68.34,2.21,0.2,29.25,3
3392423,94.46,0.55,0.68,4.3,91
4555637,99.44,0.01,0.49,0.06,40
12789527,99.98,0.0,0.01,0.0,1
4467841,99.84,0.0,0.15,0.0,1
12492474,99.81,0.01,0.16,0.02,3
3591359,98.53,0.09,0.25,1.13,26
6761345,8.99,2.23,0.06,88.72,1
2931165,92.64,1.9,1.11,4.35,70
1044307,99.97,0.0,0.02,0.0,1
14655187,99.79,0.0,0.21,0.01,1
12494334,85.41,4.93,6.67,3.0,2
7602994,99.91,0.01,0.07,0.02,5
2754149,97.84,1.01,1.06,0.09,50
8400275,72.1,6.66,0.16,21.08,71
13300621,99.89,0.0,0.09,0.01,4
13397201,50.11,28.68,20.31,0.89,2
4090224,98.92,0.04,0.19,0.86,176
7840797,85.02,1.44,0.04,13.5,7
13592046,85.74,6.49,1.82,5.94,8
7287822,96.13,1.26,0.47,2.14,59
2848362,81.3,4.84,0.77,13.09,30
5371687,99.74,0.01,0.07,0.18,26
12849003,99.93,0.0,0.05,0.01,19
13998602,2.71,52.41,11.92,32.96,3
2495047,97.61,0.02,0.14,2.23,8
12033661,60.52,21.6,17.83,0.05,10
5212321,99.91,0.0,0.03,0.06,1
7055184,50.05,47.47,0.02,2.46,2
9590679,99.88,0.01,0.09,0.03,17
4787233,75.51,17.58,6.79,0.12,4
2481019,86.14,3.7,3.09,7.07,14
4559774,99.91,0.0,0.09,0.01,20
6939759,99.97,0.0,0.03,0.01,3
2810123,99.93,0.0,0.06,0.01,4
4868653,99.5,0.05,0.38,0.06,11
2821825,99.92,0.0,0.07,0.01,4
4812786,4.76,38.05,56.75,0.43,1
2663667,99.94,0.0,0.05,0.01,16
10271867,99.91,0.0,0.07,0.01,2
497810,90.92,1.47,2.14,5.47,135
12873268,92.42,0.01,0.07,7.5,2
2848239,94.8,0.01,0.13,5.06,33
9725178,97.63,0.21,0.13,2.02,15
14400847,99.87,0.04,0.04,0.05,2
13233250,98.35,0.01,0.05,1.58,8
7645862,99.84,0.01,0.15,0.01,1
12365454,90.09,0.51,0.77,8.63,30
4493030,99.92,0.01,0.06,0.01,1
13653016,49.01,9.02,0.44,41.53,2
9078998,99.9,0.0,0.05,0.05,7
8340599,86.15,6.11,0.22,7.52,14
9367059,97.59,0.03,0.06,2.32,8
7454966,88.81,2.03,0.39,8.77,9
14127153,99.35,0.01,0.63,0.02,1
7721323,99.6,0.01,0.12,0.28,19
8271384,98.75,0.03,0.16,1.05,90
6452246,98.65,0.01,0.07,1.28,80
10333345,96.62,0.15,1.34,1.89,17
1223050,84.65,7.8,6.82,0.73,39
11634778,97.08,0.03,0.14,2.75,16
697078,78.82,3.88,2.62,14.68,8
7052171,99.97,0.0,0.02,0.01,1
10164759,99.92,0.0,0.07,0.01,4
9922595,99.95,0.0,0.04,0.01,1
12175961,99.95,0.0,0.04,0.0,1
11275963,98.5,0.04,0.15,1.3,4
1612842,99.8,0.01,0.04,0.16,8
13549924,67.19,20.59,12.15,0.07,3
9926796,71.81,8.52,0.17,19.5,7
4461901,99.93,0.0,0.06,0.01,2
4695542,85.2,2.72,1.25,10.84,158
5851489,67.38,20.39,12.13,0.11,3
9485607,99.72,0.01,0.13,0.14,24
12211821,71.59,10.35,0.38,17.69,10
4040151,81.36,7.72,0.13,10.79,15
8238404,90.0,2.39,0.45,7.17,79
11169560,89.28,4.73,2.94,3.05,13
8275122,99.87,0.0,0.11,0.02,5
6444138,99.95,0.0,0.05,0.0,3
8454985,99.57,0.01,0.13,0.29,7
3052935,74.25,0.36,0.65,24.74,13
5146451,92.97,0.23,0.26,6.54,32
7497047,99.91,0.0,0.08,0.01,1
13363171,99.95,0.01,0.02,0.02,1
11397952,95.26,2.82,1.91,0.01,21
8703026,85.44,4.32,2.47,7.77,43
6066455,99.94,0.0,0.04,0.02,56
10905777,99.96,0.0,0.02,0.02,1
7540480,96.43,0.37,0.07,3.13,54
1113272,96.99,0.01,0.15,2.85,41
13044229,64.81,17.9,6.19,11.1,8
8970393,85.89,8.7,5.37,0.03,7
13100828,99.96,0.0,0.03,0.01,13
3890373,99.66,0.03,0.08,0.23,83
12286410,99.57,0.01,0.05,0.37,3
3021446,96.29,1.84,0.25,1.61,107
400067,94.41,1.14,0.25,4.19,20
3905508,99.82,0.01,0.14,0.03,28
6763587,75.2,0.08,0.07,24.65,4
13325983,72.66,0.38,0.23,26.73,7
14367134,97.61,0.27,0.08,2.04,3
14178758,91.03,5.1,3.84,0.02,11
8473851,99.94,0.0,0.05,0.01,14
6436334,95.81,3.13,0.25,0.82,31
3193484,99.93,0.0,0.06,0.01,3
3968797,99.46,0.03,0.41,0.09,29
4916260,99.86,0.01,0.1,0.03,12
11905849,99.97,0.0,0.02,0.01,3
9273395,85.64,8.83,5.49,0.04,7
12094488,34.69,40.78,24.38,0.16,3
13090471,99.95,0.0,0.05,0.0,1
11398458,99.98,0.0,0.01,0.0,1
14506396,99.96,0.0,0.03,0.01,2
10381729,82.72,4.26,2.28,10.74,34
7194793,99.82,0.04,0.06,0.09,34
951480,99.95,0.0,0.04,0.0,1
77691,88.04,2.48,0.81,8.68,194
11983535,96.02,0.04,3.28,0.66,1
4461111,99.96,0.0,0.03,0.01,2
5146447,81.19,7.57,0.45,10.79,45
5870309,58.27,20.15,0.28,21.31,5
533114,99.92,0.01,0.05,0.02,8
7553969,99.93,0.01,0.05,0.01,5
8988506,97.57,0.02,0.11,2.3,57
8680170,82.09,1.32,0.09,16.49,2
12736777,99.91,0.0,0.07,0.01,1
894539,98.4,0.01,0.12,1.47,40
8161218,50.96,28.66,20.27,0.11,2
4119345,99.83,0.01,0.16,0.01,5
7630346,87.34,3.13,0.13,9.4,58
6627469,87.02,9.51,0.5,2.98,8
8882195,83.45,1.25,0.09,15.21,10
9840919,99.81,0.01,0.04,0.14,8
6554785,95.05,0.03,0.96,3.96,85
10253591,95.37,0.2,0.08,4.35,21
3394437,72.57,15.04,10.3,2.1,14
9677354,86.05,10.28,3.23,0.44,7
3668038,98.83,0.01,0.15,1.02,15
6709682,88.43,0.66,0.18,10.72,25
533152,90.5,4.61,0.05,4.84,12
11255643,89.08,4.18,2.01,4.74,44
5999291,93.4,4.15,2.41,0.04,15
2621242,99.91,0.0,0.08,0.01,6
7921649,99.89,0.0,0.1,0.01,16
13113079,49.28,17.36,8.9,24.46,4
11885653,99.46,0.02,0.48,0.05,3
5714786,59.88,13.97,0.76,25.38,12
6972426,99.88,0.01,0.08,0.04,19
6432655,80.79,4.42,2.62,12.17,34
10249798,99.86,0.0,0.13,0.01,1
3601030,94.08,1.79,2.08,2.06,77
7650016,92.86,0.24,0.12,6.78,14
2043261,75.25,1.38,0.57,22.8,15
1183032,99.42,0.01,0.39,0.17,19
971393,99.59,0.04,0.2,0.16,11
12308927,96.5,0.06,0.43,3.01,24
12047758,36.41,19.93,12.58,31.09,3
23619,94.61,1.11,1.4,2.88,127
29155,81.26,3.9,1.88,12.96,31
12291029,94.83,0.04,0.15,4.98,19
13614982,85.75,0.17,0.15,13.93,7
14035936,99.93,0.01,0.06,0.01,2
8371115,99.25,0.01,0.07,0.66,9
2000797,92.48,0.59,1.81,5.13,59
10004575,67.13,19.0,13.83,0.05,9
36885,96.81,0.63,0.46,2.1,125
1944976,77.72,12.45,9.76,0.07,5
11710680,79.14,13.97,5.48,1.42,5
4699828,66.71,19.61,13.22,0.46,30
11300899,98.24,0.05,0.3,1.41,15
13709092,75.25,14.03,10.49,0.22,4
4585452,99.92,0.0,0.06,0.02,1
8696200,96.27,0.03,0.1,3.61,12
8406972,99.92,0.01,0.05,0.03,9
9611852,97.5,0.01,0.08,2.41,26
13547301,99.94,0.0,0.05,0.01,12
4080849,36.18,23.62,39.9,0.3,3
10594800,27.01,21.85,9.5,41.65,4
13565466,99.7,0.01,0.26,0.03,1
13017460,99.93,0.0,0.07,0.0,1
13017064,99.91,0.0,0.06,0.02,1
8310894,99.68,0.01,0.31,0.01,9
9508099,85.34,0.79,0.93,12.95,2
13466910,99.98,0.0,0.02,0.0,1
13221129,99.97,0.0,0.01,0.02,1
9494511,88.99,8.43,1.82,0.75,29
130552,99.02,0.13,0.04,0.8,2
13098572,36.25,34.84,13.66,15.25,2
4598026,99.22,0.01,0.32,0.44,19
14124430,99.94,0.01,0.04,0.02,3
7508865,69.54,0.12,0.07,30.27,3
14222649,66.47,32.65,0.79,0.09,2
1886037,99.94,0.0,0.05,0.0,1
95453,92.19,3.93,2.55,1.33,12
12534735,99.54,0.0,0.13,0.33,2
7362715,99.88,0.0,0.11,0.01,3
2515870,96.19,0.2,0.34,3.26,86
12857811,42.8,22.24,4.32,30.65,14
585148,89.48,3.78,2.69,4.06,31
11970702,99.98,0.0,0.01,0.01,1
11841986,63.61,19.72,2.69,13.98,9
2174476,97.07,0.6,0.82,1.51,65
13464674,1.48,84.92,11.45,2.15,2
11498523,90.1,1.3,0.6,8.0,37
9549850,96.47,0.19,0.29,3.04,48
4593974,96.17,0.64,1.86,1.34,4
13079902,99.86,0.0,0.14,0.0,1
10945407,88.03,0.01,0.27,11.69,8
9694218,96.83,1.14,0.79,1.24,55
11201204,86.6,0.07,0.03,13.3,9
14255219,87.23,0.23,0.26,12.28,8
9728602,99.97,0.0,0.03,0.0,1
6596242,78.19,13.52,8.22,0.07,14
7434871,82.25,4.97,0.93,11.85,57
13478348,99.87,0.01,0.1,0.03,10
13004551,99.95,0.01,0.03,0.01,3
2592416,83.46,9.18,7.29,0.07,6
4461846,53.46,1.43,0.16,44.94,4
11022736,99.95,0.01,0.04,0.0,1
8388481,99.89,0.0,0.1,0.01,4
1602491,87.76,5.78,1.99,4.47,26
1340290,88.74,11.11,0.06,0.09,9
8780440,84.11,10.11,0.08,5.7,10
4484747,46.66,17.98,0.3,35.06,5
8227206,89.56,4.4,1.83,4.21,18
11695285,99.59,0.06,0.2,0.15,11
189965,94.11,0.96,0.14,4.79,33
11398953,82.62,6.2,2.51,8.67,11
10475848,99.91,0.0,0.08,0.01,10
12071820,99.56,0.05,0.35,0.04,5
2549840,85.46,3.81,1.41,9.32,39
8088370,97.9,0.04,0.1,1.97,14
6410674,98.37,0.01,0.12,1.49,59
9854083,96.25,0.06,0.29,3.39,1
9750460,99.94,0.0,0.04,0.02,9
4948724,99.93,0.0,0.04,0.03,11
14231732,94.45,0.14,0.27,5.14,5
2933661,80.13,11.9,5.91,2.06,14
5874408,99.88,0.0,0.1,0.01,41
2769450,64.56,23.47,9.04,2.93,3
5709298,98.21,0.27,0.23,1.29,154
2555771,99.41,0.07,0.47,0.05,8
9180965,99.96,0.0,0.02,0.01,1
2372987,79.1,3.79,3.07,14.04,39
8340072,92.08,2.86,0.29,4.76,25
1426711,91.82,0.53,0.91,6.74,13
6921672,87.91,0.01,12.07,0.01,1
10391455,96.08,0.13,0.09,3.71,9
7093109,99.9,0.0,0.08,0.01,2
4452800,99.92,0.0,0.06,0.01,2
14141920,98.63,0.02,0.16,1.19,9
9145242,96.58,0.09,0.29,3.04,65
5295491,90.86,2.8,1.27,5.07,26
12566065,99.9,0.0,0.06,0.04,4
14504583,99.08,0.18,0.7,0.03,2
4255538,94.45,0.06,0.11,5.38,10
6337106,90.15,2.93,2.01,4.92,184
5076880,98.62,0.05,0.21,1.13,20
879929,99.59,0.01,0.19,0.21,43
2684840,99.97,0.01,0.02,0.01,1
6390634,98.73,0.02,0.09,1.16,41
11498583,68.49,6.58,0.43,24.5,32
218259,61.65,3.68,0.04,34.62,5
7836038,89.25,5.1,2.64,3.01,26
11514237,99.87,0.01,0.04,0.08,10
6160803,96.17,0.08,0.12,3.64,49
10034592,99.58,0.01,0.33,0.08,14
826555,34.88,40.04,24.9,0.18,3
5690424,86.26,4.67,0.25,8.82,44
4975581,88.31,4.2,4.33,3.16,47
5652147,99.95,0.0,0.04,0.01,3
13697486,50.35,1.18,0.05,48.41,2
2698996,98.96,0.02,0.25,0.77,131
9373802,71.86,11.82,1.63,14.69,26
8523157,99.91,0.0,0.07,0.02,16
9751520,99.97,0.0,0.01,0.01,2
13430656,99.91,0.01,0.07,0.01,2
7724412,75.55,0.13,0.07,24.25,2
986399,99.96,0.0,0.02,0.01,4
14608495,89.94,0.83,5.1,4.13,2
9349646,99.97,0.0,0.02,0.01,1
7472068,89.71,0.33,0.3,9.67,27
4863101,95.15,0.25,0.12,4.49,95
5782221,97.34,0.61,0.38,1.67,57
754845,82.63,0.65,0.14,16.57,17
10427199,82.9,0.19,0.14,16.78,22
6965516,99.95,0.0,0.04,0.0,1
3412990,94.32,0.59,0.8,4.3,60
9259184,92.25,1.34,0.08,6.32,64
3903324,87.83,0.11,0.29,11.78,6
453660,96.47,0.02,0.08,3.42,55
6990023,97.92,0.01,0.08,1.99,20
815639,93.35,1.4,0.5,4.75,281
4603803,62.7,9.97,8.23,19.1,13
12344014,66.47,0.36,0.41,32.76,3
11757251,1.41,74.44,23.1,1.05,3
13512551,99.97,0.0,0.03,0.0,1
1867881,92.34,0.03,0.08,7.54,4
3520353,99.31,0.01,0.63,0.05,66
8303748,96.35,0.03,3.62,0.01,1
4447430,99.29,0.08,0.62,0.01,18
1403408,99.57,0.01,0.4,0.02,12
11856912,99.97,0.0,0.02,0.0,3
4173285,99.95,0.0,0.05,0.0,4
2931870,90.13,1.97,0.89,7.01,48
11735784,99.86,0.0,0.12,0.02,1
7988755,92.77,0.85,0.73,5.66,68
10074653,98.16,0.26,0.45,1.12,1
5953696,95.9,2.01,2.07,0.02,28
13796564,99.81,0.01,0.15,0.04,1
10811,66.78,1.02,0.02,32.19,3
14203428,99.97,0.01,0.02,0.0,2
13590412,87.11,5.97,3.88,3.04,10
6742905,69.47,9.21,1.81,19.51,121
8439372,89.95,2.63,1.48,5.93,29
7933149,88.98,0.07,0.14,10.8,15
14486237,99.88,0.0,0.11,0.0,1
8962914,99.9,0.01,0.07,0.03,5
6838488,59.38,21.08,11.51,8.03,6
7474855,51.3,0.02,0.04,48.64,2
14083611,92.35,0.25,0.41,6.99,17
13746896,99.96,0.0,0.03,0.01,6
1810172,99.8,0.01,0.13,0.06,19
7611271,99.92,0.01,0.06,0.02,14
225834,97.58,0.63,0.35,1.44,38
8191739,87.67,7.02,5.28,0.03,8
14663819,7.86,0.26,0.03,91.85,1
11964926,78.65,2.08,0.76,18.51,19
4065322,99.91,0.0,0.07,0.02,23
5526487,97.51,0.04,0.07,2.38,28
12233043,79.93,3.37,2.59,14.12,37
5992501,96.25,0.02,0.06,3.67,20
12815192,75.41,14.03,10.5,0.06,4
369940,97.8,0.02,0.15,2.03,19
13443949,71.83,1.58,1.49,25.11,14
3075044,94.51,2.87,0.73,1.88,36
44205,94.07,2.27,1.7,1.96,76
6921241,51.01,31.08,17.84,0.07,2
13589343,84.62,0.28,0.23,14.87,14
12592117,89.3,4.92,4.83,0.96,21
6015995,71.42,0.64,0.65,27.29,4
3867014,71.65,0.15,0.02,28.18,7
7239024,98.0,0.14,0.21,1.65,62
11772497,81.05,0.91,0.78,17.26,61
14013583,99.59,0.06,0.21,0.15,2
7474044,97.48,0.05,2.46,0.01,1
13730500,79.28,14.97,4.84,0.91,7
196806,99.93,0.0,0.06,0.01,41
6072693,93.6,3.56,2.8,0.03,16
1731639,98.77,0.01,0.1,1.12,9
70481,99.63,0.01,0.32,0.03,6
8014383,67.08,25.39,7.07,0.45,6
11521541,99.47,0.03,0.09,0.41,4
8814479,67.23,0.2,0.05,32.52,2
6882615,99.0,0.03,0.03,0.94,7
3839678,82.31,0.97,0.96,15.76,10
732999,93.61,0.01,0.06,6.32,14
2183058,98.82,0.01,0.09,1.08,73
9228519,99.98,0.0,0.02,0.0,1
12973308,99.96,0.0,0.04,0.0,1
4737304,95.43,0.83,1.99,1.76,15
11454147,85.74,4.74,3.48,6.04,13
57800,85.97,1.28,1.08,11.68,192
12736032,88.45,4.81,3.56,3.18,12
526970,90.62,1.54,0.31,7.53,103
8704828,86.08,0.09,0.23,13.6,34
14711359,99.85,0.0,0.13,0.02,2
5952474,92.86,3.23,0.13,3.78,15
11842312,68.87,0.31,0.1,30.72,12
13960193,59.88,39.66,0.15,0.31,5
13992811,99.49,0.02,0.07,0.43,8
826706,99.11,0.18,0.19,0.52,7
4180178,98.56,0.02,0.03,1.4,1
4410765,99.8,0.01,0.14,0.06,3
12463075,2.5,64.83,32.4,0.27,1
13168176,50.91,0.02,0.03,49.04,2
118905,94.14,1.79,3.95,0.12,17
54487,99.97,0.0,0.03,0.0,1
13450030,94.16,0.02,0.59,5.23,19
1066767,86.8,0.06,0.06,13.08,17
1551467,81.13,8.37,10.37,0.14,5
5495547,99.33,0.17,0.42,0.08,4
7853079,79.92,3.16,2.47,14.45,21
8482847,91.5,0.07,0.39,8.04,29
7479725,90.85,0.48,0.11,8.56,11
831744,96.67,1.25,2.04,0.05,31
13855525,79.91,19.65,0.07,0.37,5
6677469,95.52,2.83,1.46,0.2,23
14533011,98.48,0.09,1.41,0.02,1
9239190,79.69,4.87,3.53,11.91,12
13606268,78.57,14.11,0.24,7.08,7
14402688,99.25,0.03,0.65,0.07,2
7348110,89.89,0.09,0.21,9.81,16
10945774,99.97,0.0,0.02,0.0,1
10253899,99.96,0.0,0.03,0.01,4
6954861,97.75,0.23,0.34,1.68,87
12143408,99.91,0.01,0.07,0.02,4
12997241,98.71,0.01,1.28,0.01,1
11589644,87.36,4.77,5.3,2.57,13
4687499,84.61,9.01,2.68,3.71,24
1252289,99.49,0.01,0.3,0.19,78
4350898,51.29,35.04,13.41,0.26,2
12587887,99.97,0.0,0.03,0.0,4
9896713,96.68,0.7,0.08,2.54,87
2701124,89.47,4.99,4.47,1.07,31
11592154,99.98,0.0,0.01,0.01,2
3303497,98.15,0.06,0.64,1.15,12
14093943,0.36,4.82,0.17,94.65,1
12125635,98.87,0.07,0.57,0.48,4
7476936,99.91,0.01,0.04,0.05,3
4549374,98.75,0.04,0.07,1.13,59
12865092,52.04,0.02,0.45,47.49,2
771309,99.94,0.0,0.05,0.01,1
12752442,99.62,0.01,0.35,0.02,16
9712731,99.84,0.01,0.15,0.0,2
11590000,92.02,7.66,0.23,0.1,11
2848330,79.18,0.82,0.09,19.91,33
4032126,87.24,1.88,0.6,10.28,9
3628320,93.43,0.07,0.16,6.34,12
8751275,93.05,0.08,0.79,6.07,64
8272350,99.91,0.01,0.05,0.04,2
13797162,98.98,0.04,0.21,0.77,6
8116523,96.57,1.34,0.16,1.93,77
3808557,89.96,4.37,4.96,0.72,10
9858828,86.25,2.92,4.72,6.12,22
9349614,99.66,0.0,0.33,0.01,1
14842237,2.72,62.49,34.49,0.31,1
9591772,99.95,0.0,0.04,0.01,1
13190410,99.86,0.0,0.13,0.01,4
7080514,99.87,0.0,0.12,0.0,1
11907764,90.74,5.38,0.72,3.16,42
9870,82.77,0.11,0.11,17.01,6
5649821,65.96,15.45,7.84,10.76,14
13281106,98.87,0.01,1.11,0.01,1
8065282,94.54,1.17,0.74,3.55,70
13768853,80.4,6.47,12.24,0.88,10
4635390,98.95,0.01,0.19,0.86,13
8814532,99.29,0.03,0.67,0.01,7
14151531,99.22,0.02,0.05,0.72,7
10103725,99.86,0.0,0.09,0.04,6
9676551,96.46,0.16,0.29,3.09,84
6686224,77.15,4.9,0.54,17.41,27
11397511,90.03,1.46,3.74,4.77,18
66288,77.51,7.76,0.37,14.36,402
8921130,50.75,24.1,25.08,0.07,2
12979965,91.03,0.02,0.03,8.92,3
11787441,99.96,0.0,0.03,0.01,2
4287989,82.28,10.09,3.89,3.74,7
4461613,98.16,0.05,0.05,1.73,3
3068453,74.1,2.48,0.51,22.9,74
10051003,66.73,32.45,0.35,0.47,3
8036024,97.02,1.06,0.09,1.84,84
1658983,99.8,0.01,0.13,0.06,46
7475379,99.74,0.0,0.25,0.0,6
12891323,94.63,0.11,0.25,5.01,4
13417233,86.3,2.92,1.72,9.06,5
13685592,52.89,19.71,15.67,11.74,3
8238311,80.93,5.82,1.02,12.23,80
3289921,99.62,0.01,0.05,0.33,18
7513605,81.13,1.98,0.32,16.57,2
13586841,75.92,0.2,0.3,23.58,2
14780153,99.78,0.0,0.21,0.0,2
994317,99.6,0.02,0.28,0.11,4
14743129,99.57,0.03,0.3,0.11,1
1584362,97.51,1.17,0.34,0.98,230
4044840,73.87,1.38,0.06,24.68,5
12308161,98.84,0.01,0.06,1.09,29
10627514,99.77,0.0,0.23,0.0,2
2412715,99.86,0.0,0.13,0.0,2
13295184,89.55,0.02,0.08,10.35,10
4405982,99.89,0.01,0.08,0.02,18
4787359,89.03,8.0,2.53,0.44,18
14109809,99.95,0.0,0.04,0.01,3
7395978,67.51,23.25,9.07,0.17,3
4160585,99.76,0.01,0.2,0.02,34
7868931,57.85,6.73,3.85,31.56,2
2441095,73.75,4.69,2.17,19.4,74
5163162,96.07,1.49,0.11,2.32,68
7918592,88.18,9.44,2.36,0.02,17
14407094,85.57,0.06,14.29,0.08,1
12493396,99.96,0.0,0.03,0.01,3
13376457,78.91,0.02,0.04,21.03,9
7053454,83.22,0.04,0.06,16.68,8
3897995,94.52,1.36,0.66,3.46,80
13866603,99.55,0.0,0.43,0.01,1
10127270,99.74,0.0,0.25,0.01,1
6134145,94.37,0.04,0.75,4.84,75
4759640,99.93,0.0,0.04,0.02,1
4053612,93.28,0.05,0.14,6.53,30
7531700,50.32,0.01,0.02,49.65,2
10264774,89.4,0.04,0.04,10.52,10
1937433,99.46,0.01,0.37,0.17,10
13236820,87.88,0.15,0.11,11.86,4
12812461,99.97,0.0,0.02,0.01,2
4358181,77.78,0.01,0.03,22.18,4
8801250,99.92,0.0,0.05,0.02,4
8097903,99.73,0.01,0.25,0.01,1
14414330,99.97,0.01,0.02,0.01,1
12843196,99.88,0.01,0.11,0.0,2
22354,91.18,2.29,0.31,6.22,215
5215982,81.83,3.88,2.61,11.68,20
6626933,98.41,0.07,0.2,1.32,50
14693220,99.92,0.01,0.05,0.02,1
12585455,91.68,1.78,1.17,5.37,36
9232355,72.63,15.46,1.89,10.02,36
14055887,99.31,0.0,0.68,0.01,1
14418593,98.41,0.1,0.8,0.69,2
8782991,84.93,8.86,3.58,2.63,24
13032590,99.87,0.0,0.06,0.07,18
9900315,99.73,0.01,0.05,0.21,11
5690640,99.88,0.0,0.11,0.0,2
13709190,80.68,5.1,0.19,14.03,20
12998582,99.96,0.0,0.03,0.02,1
8153848,79.8,3.0,1.37,15.82,81
9570618,90.58,6.92,2.44,0.07,32
9958026,59.94,10.78,8.78,20.5,22
4105704,99.07,0.01,0.06,0.86,104
14075290,83.46,3.92,1.19,11.42,16
3903273,80.25,10.37,9.34,0.04,5
10427882,99.93,0.01,0.04,0.02,6
1668313,95.55,0.03,0.18,4.24,17
3458030,96.16,0.0,0.06,3.78,14
5734770,93.77,1.43,2.16,2.64,87
6089865,95.45,0.42,0.07,4.06,120
4603588,57.53,13.15,25.42,3.9,5
9834727,99.29,0.01,0.22,0.48,16
14756269,2.36,0.12,0.05,97.47,1
7901248,99.81,0.02,0.05,0.13,3
1147871,91.18,1.41,0.58,6.84,226
13513012,99.96,0.0,0.03,0.01,6
2021483,94.66,0.01,0.02,5.31,1
13059,69.6,14.12,0.31,15.98,13
4435883,99.94,0.0,0.05,0.01,2
10054046,99.89,0.0,0.11,0.0,1
14125957,93.94,0.13,0.03,5.91,7
5834413,50.2,9.96,0.14,39.7,2
13622776,51.11,35.16,13.54,0.19,2
3589869,51.97,24.59,0.08,23.36,4
3765014,55.41,6.01,0.39,38.19,9
6261296,99.53,0.07,0.31,0.08,58
11036835,99.96,0.0,0.02,0.02,1
6759004,91.75,0.39,0.07,7.78,3
9887664,99.89,0.02,0.08,0.01,2
13752754,2.38,70.32,26.93,0.37,1
12828996,2.4,61.16,36.14,0.3,1
9448243,98.39,0.02,0.17,1.42,10
4787213,99.89,0.01,0.06,0.04,6
6778788,99.27,0.28,0.28,0.17,35
6240901,76.54,7.87,1.14,14.46,91
13586128,99.81,0.04,0.14,0.01,1
8309711,88.59,4.2,2.69,4.51,29
9993602,93.9,0.03,0.42,5.64,1
2294730,75.64,16.32,5.12,2.92,9
6065674,99.85,0.01,0.1,0.05,12
2395326,98.34,0.32,0.45,0.88,135
4662379,84.8,4.89,5.65,4.66,20
11121872,91.06,0.06,0.05,8.83,13
12210223,81.55,0.1,0.19,18.15,8
5582163,96.22,1.22,0.94,1.61,50
2216767,97.97,1.21,0.08,0.74,51
13054720,99.92,0.0,0.05,0.03,32
4293597,92.94,2.1,0.73,4.24,95
6323935,96.07,0.08,0.19,3.66,82
990668,99.57,0.04,0.27,0.12,96
14086516,99.86,0.01,0.12,0.01,9
13266133,99.93,0.01,0.04,0.02,2
4216208,85.11,4.56,3.12,7.22,40
1494726,94.34,0.02,0.33,5.31,9
4054079,98.17,0.24,0.12,1.47,61
1827762,88.64,1.93,5.18,4.24,29
3866526,98.57,0.15,0.55,0.73,25
6444148,90.49,0.08,0.26,9.17,24
8011545,98.4,0.07,0.22,1.31,47
45987,93.59,1.72,0.74,3.96,98
7071883,99.92,0.0,0.06,0.01,15
10537553,65.5,0.86,1.1,32.54,3
12049787,57.85,18.06,12.63,11.45,7
8471852,97.34,0.59,0.56,1.51,28
12351909,97.01,0.04,0.08,2.87,21
6939126,75.82,12.29,2.18,9.71,21
10764250,99.9,0.0,0.09,0.0,3
14110129,80.01,12.88,6.95,0.17,5
8732121,82.26,5.25,11.98,0.51,2
2778656,81.2,10.1,0.96,7.74,10
12092499,98.48,0.01,0.04,1.48,19
1059604,75.91,5.89,1.27,16.93,26
50032,72.09,7.36,6.27,14.28,15
14072256,89.29,0.12,1.24,9.34,15
11202183,99.57,0.01,0.1,0.32,20
3294775,97.95,0.29,0.26,1.51,62
2930663,96.03,0.15,0.38,3.44,68
3755609,95.81,0.13,1.13,2.94,21
5455293,99.72,0.01,0.24,0.03,16
11687031,88.96,0.08,0.09,10.87,4
5064995,84.59,4.01,3.71,7.68,13
228883,84.36,0.75,0.08,14.82,4
6976,97.44,1.28,1.19,0.09,41
13330146,83.66,10.21,6.07,0.06,6
7910223,99.81,0.01,0.08,0.09,71
12647606,89.3,0.82,7.2,2.68,8
12384469,99.96,0.0,0.03,0.0,1
14532696,99.53,0.03,0.17,0.27,2
13707814,99.92,0.01,0.05,0.03,2
6908672,99.96,0.0,0.03,0.01,6
13651290,75.11,0.06,0.07,24.76,4
1322461,98.63,0.69,0.66,0.02,75
4644069,99.96,0.0,0.02,0.01,1
8490356,87.74,0.02,0.05,12.19,8
13813809,51.2,35.04,13.49,0.26,2
332225,96.88,0.89,0.98,1.25,41
10051357,99.98,0.0,0.01,0.0,1
8082512,99.98,0.0,0.02,0.0,1
14767573,99.91,0.0,0.05,0.03,1
13298108,99.95,0.0,0.05,0.0,3
4475740,99.78,0.01,0.21,0.01,1
6763785,93.56,0.05,0.56,5.83,17
12088322,99.98,0.0,0.01,0.01,1
14653823,1.83,64.02,34.0,0.14,1
6291807,95.18,0.01,0.07,4.75,2
1596470,88.88,4.76,6.1,0.26,9
8211468,87.89,6.45,4.51,1.15,9
1550047,82.2,2.61,1.94,13.25,60
3974503,99.98,0.0,0.01,0.01,1
11016623,99.97,0.0,0.02,0.01,6
2729015,42.33,1.96,0.74,54.97,1
7879708,94.2,0.1,0.17,5.53,12
9834617,99.92,0.01,0.07,0.01,2
14336348,99.88,0.0,0.1,0.01,1
7714627,97.66,0.33,0.48,1.52,66
11739985,96.65,0.04,0.08,3.23,25
7377034,99.56,0.05,0.15,0.24,17
8442940,99.75,0.02,0.06,0.17,60
4359160,74.25,10.0,0.51,15.23,174
7441144,99.89,0.0,0.07,0.04,5
1128894,90.88,1.98,0.73,6.41,50
7225376,99.75,0.01,0.11,0.14,5
11371205,92.59,0.2,0.14,7.06,19
12233830,96.59,2.66,0.08,0.68,30
8734707,99.93,0.01,0.05,0.01,38
8518665,99.9,0.02,0.07,0.01,1
14107067,87.42,0.0,12.56,0.01,7
3129309,93.64,0.26,0.06,6.04,171
8302844,90.02,1.78,0.31,7.89,78
1810397,96.16,1.45,2.27,0.12,26
13451383,99.48,0.01,0.18,0.33,6
8351880,97.08,0.03,0.26,2.63,71
4118162,86.72,4.1,0.08,9.1,25
4262255,99.77,0.01,0.21,0.01,57
2898226,76.68,6.69,4.87,11.75,130
5088560,99.88,0.01,0.04,0.07,38
13642397,99.96,0.0,0.04,0.01,4
13813380,99.97,0.0,0.02,0.0,4
9905304,99.95,0.0,0.04,0.01,1
13578911,99.97,0.01,0.01,0.01,1
377474,89.38,4.81,0.78,5.02,19
8029788,99.95,0.0,0.03,0.02,1
13874533,99.33,0.02,0.63,0.01,9
8595650,99.9,0.0,0.07,0.02,38
13449049,67.18,18.51,14.26,0.05,3
6465075,94.54,4.99,0.13,0.34,20
11866651,97.37,0.27,0.11,2.25,40
3881993,82.58,10.78,3.57,3.07,8
2764624,93.92,0.43,0.47,5.18,109
11649321,51.06,35.99,11.42,1.52,2
13512459,2.38,61.92,35.44,0.26,1
4085362,94.99,2.61,2.37,0.03,20
7692933,98.52,0.05,0.34,1.09,90
1426754,89.83,1.34,1.59,7.25,73
14572511,99.98,0.0,0.01,0.01,1
13861258,99.87,0.01,0.11,0.01,1
4742275,99.93,0.0,0.06,0.01,6
3359170,99.95,0.01,0.04,0.0,1
13652639,94.21,0.01,0.08,5.7,3
14756184,99.95,0.01,0.04,0.0,1
619142,96.93,0.54,0.17,2.37,105
3609536,89.22,4.31,6.37,0.09,9
13450880,79.65,13.03,6.59,0.73,5
9858,1.83,64.02,34.0,0.14,1
6908525,82.39,0.6,2.67,14.34,7
14603878,99.82,0.0,0.15,0.03,2
5592866,99.92,0.0,0.07,0.01,7
197727,95.42,2.59,1.98,0.02,22
4460532,97.05,0.62,0.7,1.63,78
10070404,95.46,0.01,0.13,4.4,15
11912139,99.84,0.01,0.13,0.03,11
1179399,97.25,0.69,0.79,1.27,92
12026868,1.33,32.83,17.04,48.8,2
4838985,83.57,3.35,0.08,13.01,6
8830015,94.57,0.03,0.18,5.22,55
5762866,96.05,0.14,0.07,3.74,5
7273513,99.93,0.0,0.06,0.01,2
13591091,99.96,0.0,0.04,0.0,1
5308475,99.18,0.12,0.62,0.08,12
13015832,68.78,30.76,0.36,0.1,3
3792147,95.83,0.08,0.12,3.97,48
3703674,75.28,14.22,10.47,0.03,4
3701108,98.35,0.02,0.71,0.92,9
13655073,99.95,0.0,0.04,0.01,1
3060038,82.79,8.2,5.08,3.93,24
7527864,89.37,5.98,3.98,0.67,20
14770892,99.89,0.0,0.1,0.0,1
789843,99.9,0.0,0.09,0.01,2
13478868,51.19,36.0,11.28,1.53,2
6300089,86.69,6.53,2.88,3.9,22
4793787,95.24,0.12,0.13,4.51,110
3342206,99.76,0.01,0.01,0.22,2
195515,99.95,0.01,0.03,0.01,1
10928093,99.94,0.0,0.05,0.01,1
220676,98.49,0.2,0.33,0.98,160
12781774,88.59,0.01,0.09,11.3,7
13414367,99.79,0.02,0.15,0.04,5
2776391,90.99,1.95,1.32,5.74,34
8224214,92.91,3.38,0.1,3.62,29
14092792,93.34,0.01,0.12,6.52,6
8717204,96.25,0.01,0.23,3.51,27
5075267,69.2,5.55,0.11,25.14,39
38579,79.06,0.11,0.04,20.78,4
1421610,99.9,0.0,0.08,0.02,6
13724578,83.59,3.91,0.39,12.11,8
9459945,99.48,0.1,0.04,0.38,5
7871576,2.54,66.95,28.87,1.65,2
12639344,52.95,0.67,0.03,46.36,4
1638584,68.73,0.04,0.07,31.16,3
9130532,98.62,0.06,0.17,1.15,2
13960293,2.55,66.56,29.23,1.66,2
3593290,99.26,0.03,0.7,0.01,8
2811937,98.54,0.09,0.22,1.14,43
9415712,99.94,0.0,0.05,0.0,1
3309941,90.28,2.82,0.08,6.82,18
989163,94.69,0.02,0.07,5.21,19
13110631,96.49,0.23,0.61,2.67,15
5166870,99.27,0.1,0.06,0.58,32
7273770,99.51,0.01,0.45,0.03,4
7244031,99.92,0.0,0.07,0.01,6
13995573,99.96,0.0,0.03,0.0,1
3820516,52.21,21.75,25.7,0.34,2
11585459,31.12,38.41,21.22,9.25,4
11370704,99.72,0.07,0.03,0.18,2
7982359,99.97,0.0,0.02,0.01,3
6516588,99.76,0.03,0.19,0.03,9
13866156,99.94,0.0,0.05,0.01,1
12515067,98.64,0.01,0.05,1.3,6
11530331,99.96,0.0,0.03,0.01,1
12052820,70.69,0.14,3.52,25.65,12
13019695,92.85,0.01,0.07,7.06,21
7456890,99.86,0.0,0.13,0.01,7
13371105,3.31,71.64,1.03,24.02,1
13078025,99.94,0.0,0.05,0.01,2
915272,86.0,3.69,0.95,9.36,150
8390386,85.63,8.77,5.51,0.1,7
4879702,99.61,0.01,0.05,0.33,20
7214920,96.41,0.05,0.04,3.49,13
9114896,96.9,0.02,2.99,0.1,34
3021862,91.62,2.82,0.09,5.47,12
10478553,99.94,0.0,0.04,0.01,2
4510513,90.52,0.44,0.03,9.01,21
5606682,93.25,0.26,0.14,6.36,39
14340601,99.95,0.0,0.04,0.01,3
8184662,0.05,0.44,0.01,99.5,1
7449448,94.44,0.04,0.59,4.93,13
9974833,99.97,0.0,0.02,0.0,1
3606396,76.04,0.03,0.07,23.86,4
5478135,93.71,4.23,1.88,0.18,17
6015021,62.08,0.46,0.1,37.37,2
1373520,96.38,0.03,0.14,3.45,70
4670285,95.11,0.41,1.59,2.89,16
3673688,87.71,3.33,1.28,7.68,36
311240,88.3,4.42,1.34,5.94,92
12998272,99.84,0.0,0.15,0.01,1
13445221,1.65,59.16,39.08,0.11,1
11701611,94.59,0.02,0.11,5.27,8
798957,97.75,0.04,0.56,1.65,192
12489916,83.32,11.26,4.99,0.43,12
8813451,99.63,0.0,0.03,0.34,10
9166393,99.95,0.01,0.03,0.02,1
5832127,85.35,12.53,2.0,0.12,8
21891,87.64,3.21,1.75,7.41,21
1374434,95.58,2.44,0.16,1.82,23
6446940,70.39,23.16,0.37,6.07,4
6322283,94.52,3.91,1.54,0.03,18
10552485,23.81,47.14,28.88,0.17,9
10231714,93.66,1.69,1.0,3.65,38
8737466,70.44,20.12,9.3,0.14,10
4820071,94.09,2.49,1.09,2.33,174
3641545,99.88,0.01,0.11,0.0,5
5858133,99.9,0.0,0.08,0.02,1
5481243,98.22,0.05,0.71,1.02,15
4823089,88.72,0.58,1.71,9.0,28
11061030,99.9,0.0,0.09,0.0,2
1867754,3.79,52.7,0.32,43.19,1
14809866,1.65,59.16,39.08,0.11,1
1815326,98.95,0.04,0.2,0.81,125
7954808,92.34,5.55,0.03,2.08,18
3528826,98.01,0.07,0.27,1.65,103
2187766,87.24,1.33,0.26,11.17,22
14404992,99.95,0.0,0.04,0.01,2
163941,95.02,0.79,0.56,3.63,138
10036037,0.35,66.58,0.1,32.97,1
13015927,99.92,0.0,0.08,0.0,2
9855,67.31,11.99,0.19,20.52,3
8428052,99.54,0.03,0.38,0.05,9
7476671,96.3,0.66,0.56,2.47,8
13218392,99.79,0.01,0.05,0.15,3
1471308,72.86,8.38,1.68,17.07,72
13788865,86.87,0.13,0.32,12.68,8
12446656,99.73,0.0,0.13,0.14,10
3693850,96.38,0.16,0.42,3.04,184
13696794,99.87,0.01,0.11,0.01,2
8460627,41.38,36.52,21.93,0.16,5
14651378,99.98,0.0,0.01,0.01,1
7508063,98.59,0.01,0.11,1.28,9
9680953,72.58,21.91,5.3,0.2,18
9452993,91.1,1.19,0.1,7.61,11
9508975,99.97,0.0,0.02,0.01,1
2174711,87.97,5.59,1.28,5.16,101
3420221,91.69,3.76,1.56,2.98,35
7783953,99.96,0.0,0.03,0.0,1
7880828,92.78,0.55,0.87,5.8,90
13969106,67.04,0.02,0.02,32.92,3
9273978,99.67,0.03,0.13,0.17,5
1472520,97.05,0.66,0.65,1.64,231
13378936,99.88,0.0,0.1,0.01,4
627048,74.72,4.75,2.99,17.54,10
9933886,71.4,4.99,0.13,23.47,23
7367795,99.88,0.01,0.07,0.05,4
13306811,98.83,0.05,0.12,1.0,37
10426124,89.61,1.92,2.83,5.64,18
12382239,55.35,27.25,17.28,0.12,11
9474436,92.37,4.88,2.73,0.02,13
4699742,76.59,5.82,11.42,6.17,6
4574921,72.76,5.94,0.77,20.52,78
9755993,99.96,0.0,0.03,0.01,6
8146576,99.97,0.0,0.02,0.0,1
6887926,1.66,52.46,12.34,33.55,3
10747524,99.7,0.04,0.2,0.06,34
5405928,89.9,0.72,0.68,8.7,10
10083878,96.79,0.14,0.07,3.0,30
5706985,87.92,1.34,1.73,9.01,57
536865,86.32,1.6,0.22,11.87,185
7054912,99.97,0.0,0.02,0.0,2
629814,99.34,0.15,0.44,0.08,8
12953937,99.96,0.0,0.03,0.01,13
8067585,96.85,1.44,1.43,0.29,13
9415687,91.01,5.46,3.48,0.05,11
4409653,0.15,99.04,0.1,0.72,1
13778731,99.93,0.0,0.05,0.01,3
9845039,99.93,0.01,0.05,0.01,6
7511838,97.44,0.01,0.06,2.49,22
11563716,99.53,0.0,0.08,0.39,4
11653496,97.92,0.02,0.07,1.99,9
5659866,99.87,0.0,0.12,0.01,4
1332786,97.55,0.9,0.76,0.78,107
7634365,90.15,2.5,0.91,6.44,29
67774,96.8,0.07,0.18,2.95,11
12857981,99.9,0.0,0.08,0.02,3
7036112,99.95,0.0,0.04,0.01,6
12855396,0.68,1.09,0.08,98.14,1
12890156,77.35,14.84,7.53,0.28,13
10266397,51.82,3.37,0.07,44.74,4
11662212,91.83,1.58,2.11,4.47,31
1454258,99.65,0.14,0.08,0.12,163
4178790,88.98,0.23,0.13,10.66,37
14774868,50.85,30.62,18.35,0.18,2
12545716,99.96,0.0,0.03,0.01,3
5862806,96.29,0.01,0.06,3.64,30
5676025,69.26,11.67,9.02,10.05,19
8200839,92.71,3.97,1.66,1.66,18
6268082,88.19,0.02,0.07,11.73,14
8758450,99.93,0.0,0.06,0.01,2
9698226,98.89,0.09,0.15,0.87,37
14469677,99.96,0.0,0.03,0.0,3
8309604,99.95,0.01,0.02,0.02,1
3419711,92.97,0.06,0.15,6.82,47
1428355,99.81,0.02,0.14,0.03,62
7832890,99.86,0.0,0.14,0.0,2
9949819,51.3,34.83,13.63,0.24,2
12855343,99.29,0.01,0.62,0.09,22
8902304,96.88,0.12,0.22,2.78,19
2657905,84.72,0.59,0.09,14.6,49
2998554,89.81,0.28,0.15,9.76,19
4075898,94.27,0.25,0.14,5.34,41
10379031,99.94,0.0,0.05,0.01,8
849408,93.63,0.16,0.09,6.11,33
13460331,99.93,0.0,0.06,0.01,2
14374965,99.47,0.01,0.51,0.01,4
7840411,58.79,24.9,16.22,0.09,5
10850420,87.73,3.83,4.56,3.88,17
11220522,83.12,6.66,1.03,9.2,29
14698794,99.88,0.01,0.07,0.03,3
14759485,99.98,0.0,0.02,0.0,1
8515356,94.61,0.14,4.11,1.15,8
6426364,96.34,0.01,0.07,3.58,25
12309083,85.87,4.49,3.83,5.8,33
9841140,99.96,0.0,0.03,0.01,7
1717816,99.95,0.0,0.04,0.01,2
4294557,99.94,0.01,0.03,0.02,5
4947526,93.62,2.96,3.2,0.22,54
4025194,97.23,0.01,1.31,1.45,150
13767907,55.37,4.16,0.78,39.69,11
395975,99.9,0.0,0.08,0.01,13
10034183,60.65,23.95,15.33,0.07,5
13377097,99.93,0.01,0.04,0.02,5
9757412,98.68,0.11,0.53,0.68,15
8442314,89.57,6.18,3.02,1.23,27
8982616,91.47,3.33,1.45,3.75,153
14682588,1.55,52.64,45.76,0.05,1
13374823,99.92,0.0,0.07,0.0,1
8634599,77.37,4.93,5.05,12.65,15
5067019,99.96,0.0,0.03,0.01,3
13434817,91.45,6.22,0.1,2.23,11
6629066,81.53,0.04,0.06,18.37,10
14565726,2.69,71.97,22.31,3.03,1
10705351,92.7,5.17,1.79,0.34,14
801722,97.85,0.02,0.17,1.96,14
2186358,98.55,0.03,0.06,1.36,9
11020786,94.97,0.12,0.11,4.81,28
54944,72.41,15.8,11.33,0.46,7
6684904,99.94,0.0,0.05,0.0,2
5280827,57.63,0.11,0.14,42.12,6
11470818,87.78,9.0,2.82,0.4,8
13564762,99.88,0.01,0.07,0.04,2
10749312,99.82,0.01,0.14,0.02,3
7454907,99.96,0.0,0.03,0.01,2
3987926,98.47,0.03,0.81,0.68,169
8015793,99.95,0.0,0.04,0.0,1
11788394,99.94,0.0,0.05,0.01,4
197972,97.7,0.03,0.27,2.0,230
9383459,93.15,1.49,1.36,4.01,41
13530359,99.97,0.0,0.01,0.01,1
2108738,80.3,4.27,2.81,12.62,34
8552338,11.76,1.1,0.09,87.06,1
3601254,68.47,11.67,1.48,18.38,44
4977034,97.84,0.01,0.06,2.09,34
10857914,99.94,0.0,0.05,0.01,8
6911945,99.77,0.01,0.05,0.17,8
14300751,99.89,0.0,0.08,0.02,2
6886946,98.0,0.01,0.06,1.93,24
2634361,77.31,0.57,0.55,21.58,49
1175376,80.24,1.28,1.78,16.7,49
2660908,68.63,10.1,15.61,5.66,15
12797493,38.7,39.7,21.46,0.14,8
705900,88.39,3.65,3.96,4.0,25
2634499,74.34,8.92,1.57,15.16,41
14274311,96.8,0.17,1.92,1.11,5
3727560,89.36,2.91,0.81,6.92,91
13248823,99.98,0.0,0.01,0.0,1
5791960,91.26,2.1,2.36,4.28,23
14591627,99.87,0.01,0.09,0.04,4
10164810,99.59,0.0,0.4,0.01,6
4573388,89.7,0.08,0.16,10.06,47
13753007,65.49,0.22,0.16,34.13,3
11147761,99.94,0.0,0.05,0.01,13
4583526,97.62,0.64,0.26,1.48,75
6575654,85.22,0.48,6.29,8.0,5
2473997,93.35,3.56,2.08,1.01,31
3749523,94.76,0.88,0.29,4.07,112
6887053,2.69,71.97,22.31,3.03,1
7634067,99.55,0.01,0.44,0.01,9
10860611,99.95,0.0,0.04,0.0,1
13375092,92.19,0.01,0.25,7.55,8
1094599,98.82,0.12,0.07,0.99,19
3602379,95.43,0.03,0.1,4.44,81
6993585,99.97,0.0,0.02,0.0,1
9340410,97.11,0.05,0.08,2.76,10
91588,75.82,19.45,4.16,0.58,8
5844314,88.19,1.05,2.48,8.28,46
4503393,58.58,0.82,0.6,40.0,3
9237653,96.85,0.0,0.08,3.06,32
9180947,99.89,0.01,0.08,0.02,46
4364989,98.84,0.01,0.06,1.1,31
14679817,99.56,0.01,0.01,0.43,2
7106162,99.97,0.0,0.02,0.01,1
7554801,99.38,0.01,0.59,0.02,6
7596262,83.71,0.01,0.05,16.23,8
7222349,99.91,0.01,0.07,0.02,21
13062783,75.25,1.5,0.04,23.2,4
13586491,99.95,0.0,0.04,0.01,2
6844012,99.97,0.0,0.02,0.01,1
6197950,88.8,0.27,0.05,10.88,8
4409819,92.16,0.01,0.02,7.82,2
13393418,94.56,3.43,0.25,1.76,30
12874603,63.37,9.94,0.22,26.46,10
10295349,72.68,19.06,1.62,6.64,5
3539510,90.98,0.08,0.14,8.81,12
10611728,99.95,0.0,0.04,0.01,2
14217967,99.93,0.01,0.01,0.05,4
13156872,99.6,0.01,0.16,0.22,6
11740527,99.88,0.01,0.1,0.01,14
11410652,99.98,0.0,0.02,0.0,1
8014683,99.96,0.0,0.03,0.01,2
2658094,87.94,3.19,0.42,8.45,68
12154934,70.99,7.32,0.17,21.52,31
7513906,99.97,0.0,0.01,0.02,1
1301500,99.94,0.0,0.04,0.01,13
705919,92.41,2.21,2.23,3.15,30
225979,98.13,0.29,0.38,1.2,70
9791506,98.31,1.38,0.22,0.09,2
13294558,92.87,0.03,0.06,7.05,10
11714059,41.45,32.37,16.63,9.55,4
12593295,88.98,0.23,0.08,10.72,9
11553697,99.94,0.0,0.05,0.01,3
12368082,99.67,0.01,0.32,0.0,1
9813223,95.39,0.06,0.05,4.49,8
716245,94.69,0.03,0.2,5.07,86
13218729,5.82,0.6,0.02,93.56,1
10208321,99.3,0.01,0.08,0.61,2
11896394,47.69,7.1,5.29,39.92,9
4020650,79.54,3.26,0.4,16.81,67
8422876,97.95,0.01,0.13,1.91,32
1551205,91.16,3.88,3.28,1.68,40
14603013,99.97,0.0,0.02,0.0,1
12356962,94.81,0.01,0.07,5.11,15
5718921,79.65,0.01,2.9,17.44,5
1030500,91.59,2.86,4.41,1.14,14
14673441,99.9,0.0,0.08,0.01,1
6881541,80.94,2.82,1.59,14.65,24
10656206,99.96,0.0,0.04,0.0,3
11758169,92.16,0.51,0.42,6.91,28
13391054,99.91,0.0,0.09,0.01,5
8814039,99.97,0.0,0.03,0.0,4
9507164,0.26,37.2,0.04,62.5,1
13433317,99.65,0.02,0.32,0.01,4
11454728,50.94,17.79,4.12,27.15,11
13713713,99.59,0.01,0.39,0.01,8
7740592,99.97,0.0,0.01,0.02,1
93505,97.69,0.1,0.21,2.0,166
9723217,8.4,0.44,0.46,90.7,1
11924459,98.22,0.03,0.07,1.68,41
6983246,85.51,2.55,5.23,6.71,28
8301926,97.74,0.02,0.09,2.16,11
13591607,99.92,0.01,0.07,0.01,23
7678756,99.95,0.0,0.02,0.03,1
7330494,99.09,0.02,0.05,0.83,77
6914622,99.91,0.02,0.06,0.02,7
1038465,92.5,1.5,0.56,5.43,162
7804358,99.94,0.0,0.04,0.01,19
6655012,91.97,6.95,0.24,0.84,14
10328539,96.39,0.01,0.22,3.38,25
2794782,97.7,1.9,0.13,0.27,40
6377998,94.51,3.71,1.75,0.03,19
11067772,93.27,0.08,0.12,6.54,15
12855005,99.82,0.0,0.16,0.02,7
9344096,99.77,0.0,0.22,0.0,3
9885963,99.76,0.01,0.21,0.02,16
6425405,99.9,0.01,0.05,0.04,3
13101775,99.93,0.0,0.05,0.01,10
7462268,93.29,1.94,1.3,3.47,32
